label,photo,sensor,calib_level,f,cx,cy,k1,k2,n_markers_observed,mean_marker_err_px,max_marker_err_px
DSC05196,DSC05196.JPG,DSC05196,per-camera,3969.354,41.0897,-26.1808,-0.055402,0.027083,0,,
DSC05197,DSC05197.JPG,DSC05197,per-camera,3973.3424,43.0908,-27.06,-0.062106,0.063334,0,,
DSC05198,DSC05198.JPG,DSC05198,per-camera,3979.2261,40.2708,-32.3353,-0.06331,0.067213,0,,
DSC05199,DSC05199.JPG,DSC05199,per-camera,3983.4391,39.5785,-30.3891,-0.06174,0.057786,0,,
DSC05200,DSC05200.JPG,DSC05200,per-camera,3988.7892,37.8993,-33.0894,-0.064944,0.071253,0,,
DSC05201,DSC05201.JPG,DSC05201,per-camera,3996.9851,35.691,-32.7004,-0.067331,0.078804,0,,
DSC05202,DSC05202.JPG,DSC05202,per-camera,4004.5486,32.7846,-31.8397,-0.06243,0.05955,0,,
DSC05203,DSC05203.JPG,DSC05203,per-camera,4012.8395,30.6438,-29.9583,-0.056336,0.030781,0,,
DSC05204,DSC05204.JPG,DSC05204,per-camera,4020.7772,32.4952,-26.2133,-0.057205,0.04119,0,,
DSC05205,DSC05205.JPG,DSC05205,per-camera,4022.3663,38.6463,-20.3924,-0.059049,0.049144,0,,
DSC05206,DSC05206.JPG,DSC05206,per-camera,4022.8724,30.3256,-16.1046,-0.061265,0.064271,0,,
DSC05207,DSC05207.JPG,DSC05207,per-camera,4021.0563,34.5709,-14.0407,-0.055649,0.038153,0,,
DSC05208,DSC05208.JPG,DSC05208,per-camera,4019.9109,34.8227,-10.5234,-0.061196,0.064851,0,,
DSC05209,DSC05209.JPG,DSC05209,per-camera,4018.0193,35.2688,-7.5133,-0.059891,0.058762,0,,
DSC05210,DSC05210.JPG,DSC05210,per-camera,4018.5555,34.4764,-8.268,-0.062491,0.071272,0,,
DSC05211,DSC05211.JPG,DSC05211,per-camera,4016.7081,34.3335,-4.5957,-0.059248,0.058726,0,,
DSC05212,DSC05212.JPG,DSC05212,per-camera,4013.5541,36.1732,-0.881,-0.054666,0.035145,0,,
DSC05213,DSC05213.JPG,DSC05213,per-camera,4011.6984,34.9605,-0.0379,-0.056266,0.04573,0,,
DSC05214,DSC05214.JPG,DSC05214,per-camera,4008.1767,35.8023,0.3208,-0.05578,0.047368,0,,
DSC05215,DSC05215.JPG,DSC05215,per-camera,4006.4085,38.5923,-0.3833,-0.057215,0.051763,0,,
DSC05216,DSC05216.JPG,DSC05216,per-camera,4003.3616,36.8748,-2.1165,-0.057705,0.054395,0,,
DSC05217,DSC05217.JPG,DSC05217,per-camera,4002.0269,37.2611,-1.7791,-0.059155,0.056824,0,,
DSC05218,DSC05218.JPG,DSC05218,per-camera,4000.8254,36.7187,-4.1832,-0.060714,0.065031,0,,
DSC05219,DSC05219.JPG,DSC05219,per-camera,3999.4993,35.6032,-5.8084,-0.060121,0.06134,0,,
DSC05220,DSC05220.JPG,DSC05220,per-camera,3997.1232,37.2962,-7.3939,-0.058264,0.052701,0,,
DSC05221,DSC05221.JPG,DSC05221,per-camera,3996.2929,38.0144,-13.3395,-0.054882,0.034654,0,,
DSC05222,DSC05222.JPG,DSC05222,per-camera,4000.3059,40.6192,-19.0332,-0.058906,0.061216,0,,
DSC05223,DSC05223.JPG,DSC05223,per-camera,3998.922,40.1481,-27.5692,-0.057917,0.057772,0,,
DSC05224,DSC05224.JPG,DSC05224,per-camera,4004.2818,41.0831,-26.4875,-0.058756,0.055544,0,,
DSC05225,DSC05225.JPG,DSC05225,per-camera,4007.2873,38.827,-26.8753,-0.060538,0.059158,0,,
DSC05226,DSC05226.JPG,DSC05226,per-camera,4015.1606,38.2452,-27.7258,-0.063713,0.069135,0,,
DSC05227,DSC05227.JPG,DSC05227,per-camera,4022.2683,43.72,-30.7037,-0.056939,0.043858,0,,
DSC05228,DSC05228.JPG,DSC05228,per-camera,4026.3747,47.1752,-29.6529,-0.062445,0.066012,0,,
DSC05229,DSC05229.JPG,DSC05229,per-camera,4031.5794,50.1279,-27.9248,-0.063102,0.072686,0,,
DSC05230,DSC05230.JPG,DSC05230,per-camera,4037.3421,51.8074,-21.9253,-0.063718,0.080231,0,,
DSC05231,DSC05231.JPG,DSC05231,per-camera,4040.2361,50.662,-24.5121,-0.065689,0.081718,0,,
DSC05232,DSC05232.JPG,DSC05232,per-camera,4045.128,53.4599,-20.4369,-0.067234,0.088934,0,,
DSC05233,DSC05233.JPG,DSC05233,per-camera,4049.5859,49.6581,-15.9074,-0.065535,0.076656,0,,
DSC05234,DSC05234.JPG,DSC05234,per-camera,4050.9304,52.793,-9.5036,-0.067308,0.086134,0,,
DSC05235,DSC05235.JPG,DSC05235,per-camera,4051.7995,53.2141,-3.037,-0.066349,0.086057,0,,
DSC05236,DSC05236.JPG,DSC05236,per-camera,4037.1966,20.8519,-47.2746,-0.057254,0.043171,0,,
DSC05237,DSC05237.JPG,DSC05237,per-camera,4038.3628,8.5486,-46.5131,-0.058734,0.046892,0,,
DSC05238,DSC05238.JPG,DSC05238,per-camera,4036.8747,5.0282,-43.0954,-0.058783,0.041553,0,,
DSC05239,DSC05239.JPG,DSC05239,per-camera,4032.0173,-3.2503,-37.0929,-0.056726,0.03015,0,,
DSC05240,DSC05240.JPG,DSC05240,per-camera,4029.5337,0.3944,-31.5039,-0.066561,0.094647,0,,
DSC05241,DSC05241.JPG,DSC05241,per-camera,4023.0651,8.1938,-21.6002,-0.066566,0.095981,0,,
DSC05242,DSC05242.JPG,DSC05242,per-camera,4021.2138,8.159,-21.3751,-0.056131,0.042032,0,,
DSC05243,DSC05243.JPG,DSC05243,per-camera,4022.676,17.2418,-20.1672,-0.063876,0.073721,0,,
DSC05244,DSC05244.JPG,DSC05244,per-camera,4021.3529,19.8927,-15.9691,-0.063463,0.07571,0,,
DSC05245,DSC05245.JPG,DSC05245,per-camera,4022.4161,23.1547,-15.576,-0.064081,0.07323,0,,
DSC05246,DSC05246.JPG,DSC05246,per-camera,4022.3328,22.3155,-14.5639,-0.066712,0.092088,0,,
DSC05247,DSC05247.JPG,DSC05247,per-camera,4019.274,16.5471,-14.5053,-0.060992,0.066924,0,,
DSC05248,DSC05248.JPG,DSC05248,per-camera,4016.7836,2.9807,-14.5005,-0.064235,0.079893,0,,
DSC05249,DSC05249.JPG,DSC05249,per-camera,4011.4831,-0.563,-14.2561,-0.064182,0.079618,0,,
DSC05250,DSC05250.JPG,DSC05250,per-camera,4003.3402,-2.9043,-11.1882,-0.057724,0.047017,0,,
DSC05251,DSC05251.JPG,DSC05251,per-camera,3997.8063,-4.9807,-8.0354,-0.062618,0.073561,0,,
DSC05252,DSC05252.JPG,DSC05252,per-camera,3991.0354,8.3835,-3.757,-0.062568,0.08259,0,,
DSC05253,DSC05253.JPG,DSC05253,per-camera,3988.309,19.3105,-2.1089,-0.058202,0.058779,0,,
DSC05254,DSC05254.JPG,DSC05254,per-camera,3990.0158,23.0749,-7.0955,-0.06427,0.083318,0,,
DSC05255,DSC05255.JPG,DSC05255,per-camera,3960.0295,4.0023,8.177,-0.057938,0.042538,0,,
DSC05256,DSC05256.JPG,DSC05256,per-camera,3962.5626,8.1191,-1.903,-0.060389,0.057537,0,,
DSC05257,DSC05257.JPG,DSC05257,per-camera,3964.7813,6.5069,2.3928,-0.056718,0.041316,0,,
DSC05258,DSC05258.JPG,DSC05258,per-camera,3966.0723,6.3491,11.4945,-0.057292,0.040478,0,,
DSC05260,DSC05260.JPG,DSC05260,per-camera,3971.0439,6.1379,16.3599,-0.051623,0.017251,0,,
DSC05261,DSC05261.JPG,DSC05261,per-camera,3977.3256,7.1912,26.1484,-0.053563,0.022612,0,,
DSC05262,DSC05262.JPG,DSC05262,per-camera,3978.1621,7.3954,24.4606,-0.050744,0.011193,0,,
DSC05263,DSC05263.JPG,DSC05263,per-camera,3984.8746,7.1451,21.8994,-0.055212,0.030412,0,,
DSC05264,DSC05264.JPG,DSC05264,per-camera,3985.0434,5.3465,23.5234,-0.054825,0.030603,0,,
DSC05265,DSC05265.JPG,DSC05265,per-camera,3996.7966,10.3725,30.8465,-0.05616,0.034175,0,,
DSC05266,DSC05266.JPG,DSC05266,per-camera,4007.8477,9.2927,34.9145,-0.055848,0.033773,0,,
DSC05267,DSC05267.JPG,DSC05267,per-camera,4009.6579,8.5334,30.6604,-0.05477,0.027997,0,,
DSC05268,DSC05268.JPG,DSC05268,per-camera,4014.773,14.5284,22.7257,-0.057729,0.044036,0,,
DSC05269,DSC05269.JPG,DSC05269,per-camera,4016.4803,14.2057,18.1994,-0.051377,0.010395,0,,
DSC05270,DSC05270.JPG,DSC05270,per-camera,4015.8466,13.3935,14.2486,-0.053869,0.026663,0,,
DSC05271,DSC05271.JPG,DSC05271,per-camera,4016.8872,12.0336,11.3796,-0.057492,0.044972,0,,
DSC05272,DSC05272.JPG,DSC05272,per-camera,4017.5012,11.713,9.0371,-0.056757,0.04274,0,,
DSC05273,DSC05273.JPG,DSC05273,per-camera,4015.7269,9.4059,5.9605,-0.056224,0.039111,0,,
DSC05274,DSC05274.JPG,DSC05274,per-camera,4014.0911,9.4442,5.4123,-0.056319,0.041639,0,,
DSC05275,DSC05275.JPG,DSC05275,per-camera,4014.923,10.9415,4.3029,-0.056245,0.042542,0,,
DSC05276,DSC05276.JPG,DSC05276,per-camera,4014.9875,10.4286,2.3535,-0.05774,0.047746,0,,
DSC05277,DSC05277.JPG,DSC05277,per-camera,4012.5444,9.9622,0.417,-0.057704,0.04685,0,,
DSC05278,DSC05278.JPG,DSC05278,per-camera,4009.3439,8.53,-2.1851,-0.056406,0.039988,0,,
DSC05279,DSC05279.JPG,DSC05279,per-camera,4005.6179,6.4988,1.2595,-0.056376,0.038312,0,,
DSC05280,DSC05280.JPG,DSC05280,per-camera,4003.5565,4.2044,-0.4253,-0.055271,0.034468,0,,
DSC05281,DSC05281.JPG,DSC05281,per-camera,4003.8682,5.0531,2.6072,-0.057226,0.042737,0,,
DSC05282,DSC05282.JPG,DSC05282,per-camera,4003.0956,4.6356,5.7589,-0.06054,0.059392,0,,
DSC05283,DSC05283.JPG,DSC05283,per-camera,4001.0453,4.1906,7.3013,-0.059173,0.055502,0,,
DSC05284,DSC05284.JPG,DSC05284,per-camera,3999.5123,3.11,7.6828,-0.057822,0.047563,0,,
DSC05285,DSC05285.JPG,DSC05285,per-camera,3996.9229,0.6366,10.0343,-0.056993,0.044148,0,,
DSC05286,DSC05286.JPG,DSC05286,per-camera,3998.8236,1.6399,16.3355,-0.056222,0.036582,0,,
DSC05287,DSC05287.JPG,DSC05287,per-camera,3998.5043,0.3072,16.4173,-0.058279,0.044834,0,,
DSC05288,DSC05288.JPG,DSC05288,per-camera,3999.859,-0.3866,18.7151,-0.0593,0.050364,0,,
DSC05289,DSC05289.JPG,DSC05289,per-camera,4000.3538,-1.2653,19.7413,-0.057156,0.039457,0,,
DSC05290,DSC05290.JPG,DSC05290,per-camera,4005.7718,-0.2689,21.9444,-0.059647,0.055017,0,,
DSC05291,DSC05291.JPG,DSC05291,per-camera,4008.8134,0.7377,22.9602,-0.057157,0.045337,0,,
DSC05292,DSC05292.JPG,DSC05292,per-camera,4008.6607,1.5854,22.9291,-0.052582,0.024897,0,,
DSC05293,DSC05293.JPG,DSC05293,per-camera,4009.5963,-0.3375,23.8743,-0.054895,0.031373,0,,
DSC05294,DSC05294.JPG,DSC05294,per-camera,4011.8464,-1.1209,26.3838,-0.058532,0.044549,0,,
DSC05295,DSC05295.JPG,DSC05295,per-camera,4011.6066,-1.5905,25.5217,-0.055592,0.03032,0,,
DSC05296,DSC05296.JPG,DSC05296,per-camera,4014.0096,-0.1867,27.6926,-0.056948,0.033493,0,,
DSC05297,DSC05297.JPG,DSC05297,per-camera,4019.08,0.0503,28.929,-0.059467,0.048709,0,,
DSC05298,DSC05298.JPG,DSC05298,per-camera,4021.671,-1.7883,28.5043,-0.058257,0.042046,0,,
DSC05299,DSC05299.JPG,DSC05299,per-camera,4029.3568,-2.2258,26.6285,-0.057203,0.039451,0,,
DSC05300,DSC05300.JPG,DSC05300,per-camera,4036.0745,-3.1474,23.2744,-0.058236,0.044976,0,,
DSC05301,DSC05301.JPG,DSC05301,per-camera,4038.0312,-5.5241,21.1744,-0.0568,0.039414,0,,
DSC05302,DSC05302.JPG,DSC05302,per-camera,4043.6891,-4.3523,18.0201,-0.058741,0.04737,0,,
DSC05303,DSC05303.JPG,DSC05303,per-camera,4047.3153,-4.849,11.993,-0.057433,0.038648,0,,
DSC05304,DSC05304.JPG,DSC05304,per-camera,4051.5567,-1.6277,8.0437,-0.055463,0.024816,0,,
DSC05305,DSC05305.JPG,DSC05305,per-camera,4053.1236,18.208,-23.3275,-0.047426,0.019075,0,,
DSC05306,DSC05306.JPG,DSC05306,per-camera,4052.2166,12.4066,-23.84,-0.044985,0.007607,0,,
DSC05307,DSC05307.JPG,DSC05307,per-camera,4050.5115,6.9733,-21.1875,-0.044918,0.010057,0,,
DSC05308,DSC05308.JPG,DSC05308,per-camera,4047.8577,-0.3569,-21.8736,-0.043399,6.6e-05,0,,
DSC05309,DSC05309.JPG,DSC05309,per-camera,4043.9693,-6.4854,-21.3254,-0.047402,0.013403,0,,
DSC05310,DSC05310.JPG,DSC05310,per-camera,4040.3122,-6.7812,-20.4826,-0.050212,0.032519,0,,
DSC05311,DSC05311.JPG,DSC05311,per-camera,4040.7134,-2.1158,-21.1682,-0.05086,0.034699,0,,
DSC05312,DSC05312.JPG,DSC05312,per-camera,4032.1738,-6.8161,-18.0774,-0.045364,0.007618,0,,
DSC05313,DSC05313.JPG,DSC05313,per-camera,4028.478,-5.495,-17.3758,-0.047497,0.022173,0,,
DSC05314,DSC05314.JPG,DSC05314,per-camera,4025.6994,-4.3009,-15.2109,-0.046479,0.019265,0,,
DSC05315,DSC05315.JPG,DSC05315,per-camera,4022.1124,1.436,-13.956,-0.047719,0.024921,0,,
DSC05316,DSC05316.JPG,DSC05316,per-camera,4020.558,4.8262,-13.5078,-0.045252,0.011717,0,,
DSC05317,DSC05317.JPG,DSC05317,per-camera,4017.446,9.8952,-11.8711,-0.046263,0.022151,0,,
DSC05318,DSC05318.JPG,DSC05318,per-camera,4017.7067,11.8817,-11.9662,-0.046633,0.020357,0,,
DSC05319,DSC05319.JPG,DSC05319,per-camera,4016.834,14.3419,-10.1244,-0.045829,0.015223,0,,
DSC05320,DSC05320.JPG,DSC05320,per-camera,4016.7227,17.6944,-6.8435,-0.048731,0.032418,0,,
DSC05321,DSC05321.JPG,DSC05321,per-camera,4016.9557,21.8227,-5.9917,-0.049721,0.034269,0,,
DSC05322,DSC05322.JPG,DSC05322,per-camera,4016.4706,21.2565,-4.9649,-0.047822,0.024098,0,,
DSC05323,DSC05323.JPG,DSC05323,per-camera,4016.7257,21.5746,-1.7617,-0.048918,0.029661,0,,
DSC05324,DSC05324.JPG,DSC05324,per-camera,4015.0595,22.3168,-1.3074,-0.045983,0.019833,0,,
DSC05325,DSC05325.JPG,DSC05325,per-camera,4014.6914,22.5944,-0.5748,-0.045385,0.018909,0,,
DSC05326,DSC05326.JPG,DSC05326,per-camera,4013.8424,19.976,0.7754,-0.043477,0.010504,0,,
DSC05327,DSC05327.JPG,DSC05327,per-camera,4013.2641,17.0011,1.2402,-0.044072,0.008863,0,,
DSC05328,DSC05328.JPG,DSC05328,per-camera,4012.9856,13.939,2.4994,-0.045854,0.017083,0,,
DSC05329,DSC05329.JPG,DSC05329,per-camera,4012.5447,11.509,2.5798,-0.050284,0.037057,0,,
DSC05330,DSC05330.JPG,DSC05330,per-camera,4011.3385,9.0945,2.4574,-0.04797,0.024024,0,,
DSC05331,DSC05331.JPG,DSC05331,per-camera,4010.5606,6.598,2.5146,-0.053022,0.051965,0,,
DSC05332,DSC05332.JPG,DSC05332,per-camera,4010.906,4.3774,2.3405,-0.05033,0.032822,0,,
DSC05333,DSC05333.JPG,DSC05333,per-camera,4009.2674,3.2007,1.837,-0.047022,0.017998,0,,
DSC05334,DSC05334.JPG,DSC05334,per-camera,4005.7693,-0.9814,2.6399,-0.050834,0.043259,0,,
DSC05335,DSC05335.JPG,DSC05335,per-camera,4003.9351,-1.7417,2.3091,-0.047643,0.026425,0,,
DSC05336,DSC05336.JPG,DSC05336,per-camera,4000.3652,-2.262,1.8734,-0.04689,0.028895,0,,
DSC05337,DSC05337.JPG,DSC05337,per-camera,3996.7223,-2.8476,0.6896,-0.045375,0.017314,0,,
DSC05338,DSC05338.JPG,DSC05338,per-camera,3994.7073,-3.7683,-1.6409,-0.046577,0.017931,0,,
DSC05339,DSC05339.JPG,DSC05339,per-camera,3990.4438,-1.3745,-3.0239,-0.045449,0.021998,0,,
DSC05340,DSC05340.JPG,DSC05340,per-camera,3987.5273,0.5913,-3.7095,-0.041728,-0.00471,0,,
DSC05341,DSC05341.JPG,DSC05341,per-camera,3988.4895,0.4154,-3.6608,-0.045284,0.00748,0,,
DSC05342,DSC05342.JPG,DSC05342,per-camera,3985.6257,9.1102,-3.9656,-0.050801,0.048698,0,,
DSC05343,DSC05343.JPG,DSC05343,per-camera,3984.2298,13.1384,-5.1237,-0.049556,0.038444,0,,
DSC05344,DSC05344.JPG,DSC05344,per-camera,3984.0914,15.7314,-6.6318,-0.050682,0.042641,0,,
DSC05345,DSC05345.JPG,DSC05345,per-camera,3983.6578,16.9448,-7.1295,-0.050986,0.039965,0,,
DSC05346,DSC05346.JPG,DSC05346,per-camera,3983.4839,24.6818,-7.4014,-0.053064,0.051589,0,,
DSC05347,DSC05347.JPG,DSC05347,per-camera,3981.7591,21.1601,-7.6635,-0.04668,0.022122,0,,
DSC05348,DSC05348.JPG,DSC05348,per-camera,3982.6424,32.5814,-9.6088,-0.049555,0.034151,0,,
DSC05349,DSC05349.JPG,DSC05349,per-camera,3983.3345,36.6642,-9.3831,-0.051341,0.041944,0,,
DSC05350,DSC05350.JPG,DSC05350,per-camera,3984.2577,37.6816,-10.2512,-0.051928,0.04096,0,,
DSC05351,DSC05351.JPG,DSC05351,per-camera,3969.9289,30.9935,26.9147,-0.064689,0.10605,0,,
DSC05352,DSC05352.JPG,DSC05352,per-camera,3963.824,27.261,8.281,-0.062524,0.076858,0,,
DSC05353,DSC05353.JPG,DSC05353,per-camera,3961.7935,29.3451,6.5823,-0.061769,0.06935,0,,
DSC05354,DSC05354.JPG,DSC05354,per-camera,3962.2485,30.9527,-5.4634,-0.0661,0.091203,0,,
DSC05355,DSC05355.JPG,DSC05355,per-camera,3962.1127,30.4785,-6.1324,-0.063142,0.077421,0,,
DSC05356,DSC05356.JPG,DSC05356,per-camera,3966.4889,29.946,-16.7871,-0.066445,0.092353,0,,
DSC05357,DSC05357.JPG,DSC05357,per-camera,3971.6458,28.8046,-24.1848,-0.065964,0.089216,0,,
DSC05358,DSC05358.JPG,DSC05358,per-camera,3973.2476,27.0686,-21.6164,-0.062849,0.072524,0,,
DSC05359,DSC05359.JPG,DSC05359,per-camera,3980.2456,25.9198,-30.7742,-0.059043,0.055019,0,,
DSC05360,DSC05360.JPG,DSC05360,per-camera,3986.7122,23.5061,-33.109,-0.056789,0.048767,0,,
DSC05361,DSC05361.JPG,DSC05361,per-camera,3992.4279,23.044,-26.83,-0.057596,0.053221,0,,
DSC05362,DSC05362.JPG,DSC05362,per-camera,4001.1134,26.7627,-31.5068,-0.0596,0.063642,0,,
DSC05363,DSC05363.JPG,DSC05363,per-camera,3999.4256,26.9498,-30.9949,-0.054953,0.0367,0,,
DSC05364,DSC05364.JPG,DSC05364,per-camera,3999.3088,25.611,-26.4517,-0.063428,0.081216,0,,
DSC05365,DSC05365.JPG,DSC05365,per-camera,3997.3526,27.0132,-32.3611,-0.063758,0.083472,0,,
DSC05366,DSC05366.JPG,DSC05366,per-camera,3992.1315,27.6341,-34.1016,-0.063899,0.086097,0,,
DSC05367,DSC05367.JPG,DSC05367,per-camera,3982.3034,30.887,-20.7015,-0.064924,0.090023,0,,
DSC05368,DSC05368.JPG,DSC05368,per-camera,4005.4777,25.8828,-23.7878,-0.062176,0.074453,0,,
DSC05369,DSC05369.JPG,DSC05369,per-camera,4009.6912,25.4675,-27.8964,-0.061969,0.074803,0,,
DSC05370,DSC05370.JPG,DSC05370,per-camera,4011.3284,24.1101,-20.0869,-0.061529,0.072495,0,,
DSC05371,DSC05371.JPG,DSC05371,per-camera,4009.9191,23.6137,-23.6461,-0.061445,0.072002,0,,
DSC05372,DSC05372.JPG,DSC05372,per-camera,4008.8002,26.1306,-24.168,-0.061608,0.071606,0,,
DSC05373,DSC05373.JPG,DSC05373,per-camera,4022.6002,30.7566,-2.6306,-0.066221,0.092401,0,,
DSC05374,DSC05374.JPG,DSC05374,per-camera,4019.0242,23.9984,-9.2885,-0.060782,0.070234,0,,
DSC05375,DSC05375.JPG,DSC05375,per-camera,4019.2466,25.1033,-2.6878,-0.06253,0.074591,0,,
DSC05376,DSC05376.JPG,DSC05376,per-camera,4018.01,25.5808,-1.4631,-0.059768,0.063189,0,,
DSC05377,DSC05377.JPG,DSC05377,per-camera,4018.3592,26.4954,0.6032,-0.060705,0.071579,0,,
DSC05378,DSC05378.JPG,DSC05378,per-camera,4013.472,29.1376,-5.8781,-0.059618,0.065479,0,,
DSC05379,DSC05379.JPG,DSC05379,per-camera,4010.0321,31.9796,3.6213,-0.061306,0.071103,0,,
DSC05380,DSC05380.JPG,DSC05380,per-camera,4007.0166,32.4504,-2.7176,-0.059124,0.062636,0,,
DSC05381,DSC05381.JPG,DSC05381,per-camera,4004.7613,36.8442,3.2548,-0.061964,0.078513,0,,
DSC05382,DSC05382.JPG,DSC05382,per-camera,4003.2308,36.1744,-6.7994,-0.059888,0.070118,0,,
DSC05383,DSC05383.JPG,DSC05383,per-camera,4001.7637,37.4805,-3.5722,-0.061425,0.074555,0,,
DSC05384,DSC05384.JPG,DSC05384,per-camera,4000.5705,36.0131,-8.8209,-0.061941,0.077225,0,,
DSC05385,DSC05385.JPG,DSC05385,per-camera,3999.6113,39.3815,-6.4331,-0.063137,0.081469,0,,
DSC05386,DSC05386.JPG,DSC05386,per-camera,4000.9772,43.1637,-19.2764,-0.061019,0.069155,0,,
DSC05387,DSC05387.JPG,DSC05387,per-camera,4002.4454,45.7011,-16.7488,-0.06364,0.079165,0,,
DSC05388,DSC05388.JPG,DSC05388,per-camera,4006.0113,50.2339,-17.0016,-0.062506,0.079098,0,,
DSC05389,DSC05389.JPG,DSC05389,per-camera,4011.0051,47.9227,-22.1497,-0.064487,0.089083,0,,
DSC05390,DSC05390.JPG,DSC05390,per-camera,4012.5371,48.2251,-22.6602,-0.063549,0.085419,0,,
DSC05391,DSC05391.JPG,DSC05391,per-camera,4014.3208,49.0328,-23.3178,-0.063963,0.087544,0,,
DSC05392,DSC05392.JPG,DSC05392,per-camera,4014.8052,48.6647,-24.2335,-0.063571,0.085153,0,,
DSC05393,DSC05393.JPG,DSC05393,per-camera,4015.1667,45.3804,-32.4499,-0.062019,0.076263,0,,
DSC05394,DSC05394.JPG,DSC05394,per-camera,4018.5409,48.3081,-31.7615,-0.062446,0.082554,0,,
DSC05395,DSC05395.JPG,DSC05395,per-camera,4025.9612,45.8816,-24.1311,-0.065396,0.093042,0,,
DSC05396,DSC05396.JPG,DSC05396,per-camera,4029.6146,45.7968,-22.4114,-0.065606,0.094808,0,,
DSC05397,DSC05397.JPG,DSC05397,per-camera,4031.2358,47.3112,-24.4435,-0.066108,0.097379,0,,
DSC05398,DSC05398.JPG,DSC05398,per-camera,4033.6436,45.379,-25.3035,-0.066708,0.097498,0,,
DSC05399,DSC05399.JPG,DSC05399,per-camera,4035.6677,44.6926,-25.6153,-0.068505,0.10732,0,,
DSC05400,DSC05400.JPG,DSC05400,per-camera,4038.6807,45.2804,-24.9971,-0.069449,0.112316,0,,
DSC05401,DSC05401.JPG,DSC05401,per-camera,4044.7814,46.7539,-19.5583,-0.069295,0.108093,0,,
DSC05402,DSC05402.JPG,DSC05402,per-camera,4049.6638,47.6953,-18.2597,-0.069841,0.106615,0,,
DSC05403,DSC05403.JPG,DSC05403,per-camera,4055.1517,47.5074,-3.5247,-0.070613,0.109609,0,,
DSC05404,DSC05404.JPG,DSC05404,per-camera,4056.4921,47.1206,-1.1079,-0.070641,0.106041,0,,
DSC05405,DSC05405.JPG,DSC05405,per-camera,4038.2938,17.4601,11.6634,-0.040183,-0.010806,0,,
DSC05406,DSC05406.JPG,DSC05406,per-camera,4037.6877,27.5145,14.4809,-0.037043,-0.024366,0,,
DSC05407,DSC05407.JPG,DSC05407,per-camera,4037.89,17.7768,13.684,-0.038638,-0.018754,0,,
DSC05408,DSC05408.JPG,DSC05408,per-camera,4037.5991,35.7753,13.3438,-0.035086,-0.035784,0,,
DSC05409,DSC05409.JPG,DSC05409,per-camera,4038.9311,22.3418,14.4995,-0.038258,-0.021151,0,,
DSC05410,DSC05410.JPG,DSC05410,per-camera,4041.2737,19.2456,9.8602,-0.041795,-0.005715,0,,
DSC05411,DSC05411.JPG,DSC05411,per-camera,4042.5261,13.6942,11.3901,-0.044458,0.00823,0,,
DSC05412,DSC05412.JPG,DSC05412,per-camera,4040.6469,12.7906,10.4311,-0.043383,0.005952,0,,
DSC05413,DSC05413.JPG,DSC05413,per-camera,4039.6431,-0.21,9.2285,-0.045551,0.009904,0,,
DSC05414,DSC05414.JPG,DSC05414,per-camera,3990.4218,-2.9198,0.6945,-0.042962,0.000328,0,,
DSC05415,DSC05415.JPG,DSC05415,per-camera,3992.8634,-2.1226,2.8969,-0.047078,0.019277,0,,
DSC05417,DSC05417.JPG,DSC05417,per-camera,3991.7139,-1.8198,3.7345,-0.042702,0.002716,0,,
DSC05418,DSC05418.JPG,DSC05418,per-camera,3992.981,1.7033,5.8694,-0.04311,0.00359,0,,
DSC05419,DSC05419.JPG,DSC05419,per-camera,3994.1232,3.0111,4.5583,-0.044984,0.013872,0,,
DSC05420,DSC05420.JPG,DSC05420,per-camera,3993.3997,1.248,2.3917,-0.043646,0.006979,0,,
DSC05421,DSC05421.JPG,DSC05421,per-camera,3987.9826,16.2282,-14.1003,-0.061357,0.079033,0,,
DSC05422,DSC05422.JPG,DSC05422,per-camera,3989.1474,16.9954,-12.4331,-0.064703,0.093433,0,,
DSC05423,DSC05423.JPG,DSC05423,per-camera,3989.1366,15.9368,-12.8309,-0.06442,0.090737,0,,
DSC05424,DSC05424.JPG,DSC05424,per-camera,3989.8966,9.9518,-10.0417,-0.063089,0.083383,0,,
DSC05425,DSC05425.JPG,DSC05425,per-camera,3990.2437,5.9757,-8.1814,-0.063774,0.089108,0,,
DSC05426,DSC05426.JPG,DSC05426,per-camera,3991.6155,4.3637,-4.6418,-0.061821,0.080072,0,,
DSC05427,DSC05427.JPG,DSC05427,per-camera,3993.1969,-0.1171,-2.1094,-0.06084,0.075974,0,,
DSC05428,DSC05428.JPG,DSC05428,per-camera,3996.246,-2.407,0.7094,-0.060914,0.073798,0,,
DSC05429,DSC05429.JPG,DSC05429,per-camera,3999.2248,-2.7709,3.7349,-0.062571,0.085867,0,,
DSC05430,DSC05430.JPG,DSC05430,per-camera,3999.438,-0.2211,3.9268,-0.063042,0.087001,0,,
DSC05431,DSC05431.JPG,DSC05431,per-camera,4000.2797,0.427,3.966,-0.063683,0.089173,0,,
DSC05432,DSC05432.JPG,DSC05432,per-camera,4001.1047,5.4219,3.9545,-0.064679,0.095714,0,,
DSC05433,DSC05433.JPG,DSC05433,per-camera,4006.5997,5.1649,4.2923,-0.065068,0.093885,0,,
DSC05434,DSC05434.JPG,DSC05434,per-camera,4006.9343,6.2862,4.3302,-0.063641,0.087303,0,,
DSC05435,DSC05435.JPG,DSC05435,per-camera,4007.9564,7.0844,6.0458,-0.063653,0.085371,0,,
DSC05436,DSC05436.JPG,DSC05436,per-camera,4009.1505,9.2452,6.5352,-0.063552,0.086345,0,,
DSC05437,DSC05437.JPG,DSC05437,per-camera,4010.1771,8.9894,7.6981,-0.06468,0.092482,0,,
DSC05438,DSC05438.JPG,DSC05438,per-camera,4013.3396,14.6281,6.8868,-0.06491,0.093047,0,,
DSC05439,DSC05439.JPG,DSC05439,per-camera,4016.0528,17.1774,4.4249,-0.067396,0.103831,0,,
DSC05440,DSC05440.JPG,DSC05440,per-camera,4018.7894,16.5709,0.4619,-0.068315,0.107899,0,,
DSC05441,DSC05441.JPG,DSC05441,per-camera,4019.0561,17.5006,0.0017,-0.065907,0.097296,0,,
DSC05442,DSC05442.JPG,DSC05442,per-camera,4019.6717,16.925,-2.749,-0.063559,0.087688,0,,
DSC05443,DSC05443.JPG,DSC05443,per-camera,4021.4454,15.5779,-4.3045,-0.06511,0.094484,0,,
DSC05444,DSC05444.JPG,DSC05444,per-camera,4022.857,15.6234,-6.8017,-0.063108,0.087234,0,,
DSC05445,DSC05445.JPG,DSC05445,per-camera,4024.1048,13.5346,-7.993,-0.06395,0.091516,0,,
DSC05447,DSC05447.JPG,DSC05447,per-camera,4024.0823,11.2775,-5.6373,-0.064162,0.092231,0,,
DSC05448,DSC05448.JPG,DSC05448,per-camera,4026.6353,8.2857,-6.5501,-0.065254,0.094537,0,,
DSC05449,DSC05449.JPG,DSC05449,per-camera,4029.338,5.7307,-7.6611,-0.066547,0.098992,0,,
DSC05450,DSC05450.JPG,DSC05450,per-camera,4032.851,2.4717,-8.2185,-0.062144,0.079156,0,,
DSC05451,DSC05451.JPG,DSC05451,per-camera,4035.9611,-0.3716,-9.2741,-0.065322,0.091995,0,,
DSC05452,DSC05452.JPG,DSC05452,per-camera,4039.6546,-1.7504,-8.7761,-0.064846,0.089144,0,,
DSC05453,DSC05453.JPG,DSC05453,per-camera,4038.78,-3.3413,-7.9418,-0.064838,0.090594,0,,
DSC05454,DSC05454.JPG,DSC05454,per-camera,4042.6021,-4.819,-7.6804,-0.062107,0.078855,0,,
DSC05455,DSC05455.JPG,DSC05455,per-camera,4048.0307,-6.7186,-6.0321,-0.064022,0.086213,0,,
DSC05456,DSC05456.JPG,DSC05456,per-camera,4050.5209,-7.9546,-4.9434,-0.071083,0.120006,0,,
DSC05457,DSC05457.JPG,DSC05457,per-camera,4055.7449,-4.8504,-2.8182,-0.067034,0.098505,0,,
DSC05458,DSC05458.JPG,DSC05458,per-camera,4059.4585,-0.3191,0.0666,-0.065994,0.09106,0,,
DSC05459,DSC05459.JPG,DSC05459,per-camera,4059.5007,7.9748,0.7522,-0.066658,0.098614,0,,
DSC05460,DSC05460.JPG,DSC05460,per-camera,4061.3706,17.2387,2.4722,-0.069238,0.110417,0,,
DSC05461,DSC05461.JPG,DSC05461,per-camera,4061.5242,20.8297,2.88,-0.06844,0.103337,0,,
DSC05462,DSC05462.JPG,DSC05462,per-camera,4045.6831,19.7558,21.0081,-0.046667,0.017214,0,,
DSC05463,DSC05463.JPG,DSC05463,per-camera,4042.3369,6.7352,20.3149,-0.041269,-0.008914,0,,
DSC05464,DSC05464.JPG,DSC05464,per-camera,4036.0557,-6.1286,14.3674,-0.043479,0.003247,0,,
DSC05465,DSC05465.JPG,DSC05465,per-camera,4037.5767,-4.6448,14.689,-0.042573,-0.003723,0,,
DSC05466,DSC05466.JPG,DSC05466,per-camera,4037.0074,-7.8263,14.4763,-0.043309,-0.000363,0,,
DSC05469,DSC05469.JPG,DSC05469,per-camera,4040.9041,7.2958,14.0682,-0.043397,0.001258,0,,
DSC05472,DSC05472.JPG,DSC05472,per-camera,4041.1595,6.1811,13.6021,-0.043723,0.005066,0,,
DSC05473,DSC05473.JPG,DSC05473,per-camera,4039.8388,-2.9413,12.1421,-0.04385,0.001975,0,,
DSC05474,DSC05474.JPG,DSC05474,per-camera,4042.2308,5.2415,16.4073,-0.040725,-0.009893,0,,
DSC05475,DSC05475.JPG,DSC05475,per-camera,4042.0198,21.3677,19.1125,-0.042742,0.000553,0,,
DSC05476,DSC05476.JPG,DSC05476,per-camera,3987.1381,-1.9662,1.1478,-0.045048,0.016178,0,,
DSC05477,DSC05477.JPG,DSC05477,per-camera,3990.3712,-0.6432,7.3494,-0.045456,0.015505,0,,
DSC05478,DSC05478.JPG,DSC05478,per-camera,3993.3906,3.1001,12.2134,-0.047466,0.027687,0,,
DSC05480,DSC05480.JPG,DSC05480,per-camera,4045.1971,-2.6406,7.2077,-0.046854,0.020176,0,,
DSC05481,DSC05481.JPG,DSC05481,per-camera,4045.3828,2.068,6.8355,-0.044631,0.007682,0,,
DSC05482,DSC05482.JPG,DSC05482,per-camera,4043.4326,-1.6121,3.3599,-0.047714,0.02376,0,,
DSC05483,DSC05483.JPG,DSC05483,per-camera,4042.8424,0.745,2.6562,-0.046217,0.016826,0,,
DSC05484,DSC05484.JPG,DSC05484,per-camera,4041.8361,-1.6723,1.0678,-0.046684,0.015388,0,,
DSC05485,DSC05485.JPG,DSC05485,per-camera,4040.6126,-1.4676,-0.6742,-0.048268,0.023378,0,,
DSC05486,DSC05486.JPG,DSC05486,per-camera,4039.6623,0.0175,-1.5804,-0.047675,0.019585,0,,
DSC05487,DSC05487.JPG,DSC05487,per-camera,4038.3604,1.3541,-2.4084,-0.047422,0.019516,0,,
DSC05488,DSC05488.JPG,DSC05488,per-camera,4035.5733,2.1177,-4.1328,-0.046417,0.013824,0,,
DSC05489,DSC05489.JPG,DSC05489,per-camera,4034.0284,3.8497,-4.8911,-0.04545,0.010529,0,,
DSC05490,DSC05490.JPG,DSC05490,per-camera,4031.4567,5.0332,-5.6343,-0.044491,0.004563,0,,
DSC05491,DSC05491.JPG,DSC05491,per-camera,4030.5831,6.1116,-5.9225,-0.044285,0.004229,0,,
DSC05492,DSC05492.JPG,DSC05492,per-camera,4029.2154,6.4543,-6.1777,-0.042758,-0.002051,0,,
DSC05493,DSC05493.JPG,DSC05493,per-camera,4026.46,7.3425,-5.842,-0.044125,0.006238,0,,
DSC05494,DSC05494.JPG,DSC05494,per-camera,4023.9127,8.3235,-5.3781,-0.044313,0.007795,0,,
DSC05495,DSC05495.JPG,DSC05495,per-camera,4021.1249,8.477,-4.9352,-0.042232,0.000242,0,,
DSC05496,DSC05496.JPG,DSC05496,per-camera,4018.3014,10.0656,-4.5687,-0.041769,-0.003079,0,,
DSC05497,DSC05497.JPG,DSC05497,per-camera,4016.13,11.9034,-3.3266,-0.042276,0.00049,0,,
DSC05498,DSC05498.JPG,DSC05498,per-camera,4012.8369,14.3396,-2.0836,-0.044834,0.012037,0,,
DSC05499,DSC05499.JPG,DSC05499,per-camera,4009.4496,14.7401,-0.0158,-0.044999,0.014041,0,,
DSC05500,DSC05500.JPG,DSC05500,per-camera,4005.4046,14.5067,2.6533,-0.045774,0.018349,0,,
DSC05501,DSC05501.JPG,DSC05501,per-camera,4004.8058,14.8496,2.7446,-0.04747,0.02589,0,,
DSC05502,DSC05502.JPG,DSC05502,per-camera,3999.3788,13.8027,4.4289,-0.043463,0.004437,0,,
DSC05503,DSC05503.JPG,DSC05503,per-camera,3997.7126,13.8022,4.4085,-0.041695,-0.005024,0,,
DSC05504,DSC05504.JPG,DSC05504,per-camera,3997.5312,12.7626,4.4205,-0.04549,0.014055,0,,
DSC05505,DSC05505.JPG,DSC05505,per-camera,3996.2116,13.0534,5.0057,-0.044427,0.010583,0,,
DSC05506,DSC05506.JPG,DSC05506,per-camera,3994.4167,12.7266,5.8879,-0.043649,0.007909,0,,
DSC05507,DSC05507.JPG,DSC05507,per-camera,3992.801,11.787,5.5441,-0.043371,0.007283,0,,
DSC05508,DSC05508.JPG,DSC05508,per-camera,3990.7816,10.3237,5.7243,-0.043003,0.005258,0,,
DSC05509,DSC05509.JPG,DSC05509,per-camera,3992.2771,10.7236,4.9324,-0.045598,0.015932,0,,
DSC05510,DSC05510.JPG,DSC05510,per-camera,3988.3119,8.3827,5.1081,-0.045183,0.012178,0,,
DSC05511,DSC05511.JPG,DSC05511,per-camera,3984.6035,9.2507,3.4177,-0.042916,0.005354,0,,
DSC05512,DSC05512.JPG,DSC05512,per-camera,3982.1786,9.0225,-3.0449,-0.041933,1.9e-05,0,,
DSC05513,DSC05513.JPG,DSC05513,per-camera,3982.202,9.7127,-4.2437,-0.043059,0.004415,0,,
DSC05514,DSC05514.JPG,DSC05514,per-camera,3982.1424,9.0674,-4.9267,-0.043397,0.006635,0,,
DSC05515,DSC05515.JPG,DSC05515,per-camera,3981.5488,9.4627,-6.5581,-0.043438,0.004618,0,,
DSC05516,DSC05516.JPG,DSC05516,per-camera,3980.9866,11.8799,-8.9004,-0.044852,0.015217,0,,
DSC05517,DSC05517.JPG,DSC05517,per-camera,3981.0758,12.8698,-10.393,-0.045544,0.018299,0,,
DSC05518,DSC05518.JPG,DSC05518,per-camera,3981.8233,13.8309,-11.2118,-0.046341,0.020705,0,,
DSC05519,DSC05519.JPG,DSC05519,per-camera,3980.8888,12.2443,-9.1022,-0.04357,0.008789,0,,
DSC05520,DSC05520.JPG,DSC05520,per-camera,3980.8063,11.9676,-10.5342,-0.044064,0.010672,0,,
DSC05521,DSC05521.JPG,DSC05521,per-camera,3980.9665,12.7957,-12.3982,-0.044327,0.010145,0,,
DSC05522,DSC05522.JPG,DSC05522,per-camera,3980.9332,14.2608,-13.7387,-0.043969,0.008638,0,,
DSC05523,DSC05523.JPG,DSC05523,per-camera,3982.0874,24.2913,-19.6713,-0.044295,0.007425,0,,
DSC05524,DSC05524.JPG,DSC05524,per-camera,3982.0638,25.0674,-19.8131,-0.044249,0.008395,0,,
DSC05525,DSC05525.JPG,DSC05525,per-camera,3981.2651,24.0785,-19.2501,-0.04175,-0.003081,0,,
