camera,r00,r01,r02,r10,r11,r12,r20,r21,r22,t0,t1,t2
DSC05196,-0.9958217091268573,-0.08546018016218593,0.03218200177601552,-0.05663018479267599,0.30146070895324223,-0.9517953893183955,0.07163899637775584,-0.9496409840376812,-0.3050407442194118,0.8838833309586418,3.686899487887601,-2.0783797724397552
DSC05197,-0.9962212864782114,-0.08276634639756769,0.026322619012839957,-0.05645071453866159,0.38673225744448664,-0.9204626433918794,0.06600352411630633,-0.9184704094067969,-0.3899431264278665,0.938767485204799,3.4497826577568484,-1.4376525347407614
DSC05198,-0.9966199079277913,-0.08021131331343023,0.017745544188211875,-0.05530945734672496,0.49543093355049717,-0.8668846832245299,0.06074226740920906,-0.8649360295986158,-0.49819277559211045,0.9667553735707749,3.292889986528197,-1.1373013951102215
DSC05199,-0.9968353294391958,-0.0792041570969736,0.0067843555632149275,-0.051862888405472256,0.5832943518701015,-0.8106034418152194,0.06024588606777837,-0.8083900052418982,-0.5855561737672246,1.0059424762013887,2.9634772901524142,-0.7352053896842546
DSC05200,-0.997006929933496,-0.07730969595284116,-0.0006265590668581289,-0.04979511510536788,0.6483286506538777,-0.7597304832984954,0.05914074886428283,-0.7574253571494698,-0.6502378027850814,1.0327959743477404,2.752723117073958,-0.4589979427682428
DSC05201,-0.9973297660516445,-0.07249210694000477,-0.008844895633712503,-0.048382176645998344,0.7465887011436101,-0.6635242846405042,0.0547037725423738,-0.6613245842671329,-0.7481024605717695,1.0615889623904222,2.363286731193978,-0.19028834307563333
DSC05202,-0.9978638444486907,-0.06342271933485834,-0.015662267212990782,-0.04519306287629983,0.8432989676308291,-0.5355412572908239,0.0471734566248664,-0.5336894320341651,-0.8443638168023975,1.0817253681554404,1.9875791307039512,-0.023521171794230623
DSC05203,-0.9982508541943016,-0.053884614643279045,-0.024324481599667706,-0.04013321108116951,0.9197506417045518,-0.3904460045286411,0.04341149005345874,-0.3887868379829885,-0.920304426340832,1.0909508514268418,1.6527206745985803,-0.01075113841150182
DSC05204,-0.9835688324816374,-0.04570972251853547,-0.17465100354131144,-0.006649302663403237,0.9759317403373121,-0.2179748264737829,0.18041102667187256,-0.21323193820219283,-0.9601999802050285,1.0685996112098857,1.4709671323353295,-0.020163039462571877
DSC05205,-0.9820156909227704,-0.040199486128889954,-0.18447000866386726,-0.014403816882493092,0.990173642299656,-0.1390995620203332,0.1882490712877216,-0.1339408802793457,-0.9729450795133836,1.0685098392073031,0.940126367818049,-0.16283775522495272
DSC05206,-0.9821272713647757,-0.036662769693031186,-0.18461274105547543,-0.02264544252007171,0.9967372619207304,-0.07747267022528237,0.1868507607012891,-0.07190738499765535,-0.9797530919615149,1.0706343408169414,0.7486626243772373,-0.21112152882200189
DSC05207,-0.9818960389275635,-0.03345990329007304,-0.18644195775141295,-0.025133720084455607,0.9985859175810965,-0.0468450778997735,0.18774574523295307,-0.041311016454918796,-0.9813485288450708,1.0722259346797445,0.518968996057102,-0.23652498109342607
DSC05208,-0.9819208484976991,-0.030944693520446327,-0.1867454771299271,-0.024031929454947802,0.9989435873080676,-0.0391685555358068,0.18776025578442035,-0.03397256715373163,-0.9816271955425615,1.0827196567382438,0.18592895026634956,-0.18898460209531603
DSC05209,-0.9813890158652288,-0.023792734011545465,-0.19055053226725416,-0.030581861546977576,0.9989950126226304,0.032767583057532634,0.18957940099968537,0.037985136084613805,-0.98113035838936,1.0917050045956644,-0.16662613367794551,-0.14860613446823745
DSC05210,-0.9814962580224649,-0.023826366400809845,-0.18999315711897027,-0.030588172805099824,0.9989958340776822,0.032736633606429394,0.189022377438082,0.03794242690670446,-0.9812394779400616,1.0918547318885399,-0.1667350835207814,-0.14933149088806752
DSC05211,-0.981045980822135,-0.013566443302673092,-0.19329959940168195,-0.04240203727164599,0.9884002669182335,0.14583202525912733,0.1890789537414179,0.15126421907404342,-0.970241354138222,1.0929529760660393,-0.48647322828452644,-0.20898547960940037
DSC05212,-0.9810963780543589,-0.00019863843218942406,-0.1935196566537667,-0.05708793172874061,0.9557944595763331,0.288440494893002,0.18490772028109884,0.29403556177095114,-0.9377378223120194,1.089908699226704,-0.7755783509477852,-0.3077551822913038
DSC05213,-0.9817024205686202,0.0102229651827097,-0.19014691276112103,-0.06809891281770965,0.913671716357161,0.40070754023602495,0.17782827537475102,0.40632436022447965,-0.8962575627381948,1.0853437570461175,-0.9752572391741771,-0.39639359901131116
DSC05214,-0.9824477198454955,0.02405689288669807,-0.18498038727125818,-0.0796934645122419,0.8424658919250464,0.5328228342113093,0.16865772880132932,0.5382123064809778,-0.8257615174298225,1.078077845975223,-1.265616829237068,-0.5309629170724529
DSC05215,-0.9826457026444384,0.02921822166339921,-0.1831767414199915,-0.08870576693318513,0.7932572795173043,0.6023903845560625,0.16290705935352642,0.6081851560303279,-0.7768990320480215,1.0717486566520702,-1.491548997534844,-0.6509093767428965
DSC05216,-0.9834658789049107,0.03619094720515581,-0.17744035721950444,-0.09667438924098942,0.7236080520241684,0.6834072354831122,0.15313042641706898,0.6892616356552728,-0.7081450911495077,1.0580030850188233,-1.7345467994251358,-0.8585247768458187
DSC05217,-0.9831804906523585,0.03967599746332422,-0.17827489454737608,-0.09978436231957023,0.7008577183696104,0.706287150979133,0.15296798304568346,0.7121967943111188,-0.6851105913178555,1.0472096709863725,-2.037715332412743,-1.0427015917927085
DSC05218,-0.9837255599457451,0.042919085597764264,-0.17447628721657912,-0.10433800159443227,0.6541018318575961,0.7491757971156153,0.14627919924825472,0.7551878876491526,-0.63897859918412,1.0386675692709375,-2.2012597013344233,-1.1982114716854284
DSC05219,-0.9842214254726178,0.04637781367393083,-0.17075504103678646,-0.109527245061755,0.5982434733897911,0.7937937573045665,0.13896750782046413,0.7999711525707314,-0.583724409995697,1.025393385589279,-2.4063462526655375,-1.3993383086795614
DSC05220,-0.984578014963911,0.050548943289476164,-0.16748413889691768,-0.11443066823291144,0.5380740478554021,0.8350939714740325,0.13233198637326515,0.8413804866746197,-0.5239915285819857,1.0049193797032765,-2.5674583391111643,-1.673395960903416
DSC05221,-0.9857488312217986,0.05891007564316823,-0.15757171298356337,-0.12255602682750304,0.3901514116568544,0.912557886531271,0.11523568038205291,0.9188642331541041,-0.37737151322934476,0.9752772151824232,-2.7887051069363995,-2.0864499177765055
DSC05222,-0.9870354099101446,0.06676404274320066,-0.14595774107630224,-0.12665833326254533,0.2345582432450516,0.9638153854037346,0.09858380292252292,0.9698066782211698,-0.2230610693934596,0.9621555462270983,-2.8789151251307,-2.271331479927522
DSC05223,-0.9874722716782318,0.06761567579516159,-0.14257150154710405,-0.12886816092575404,0.17582936326887802,0.975949297920786,0.09105772765804258,0.9820957974654125,-0.16491311298538133,0.9376145989065093,-3.0160145594738057,-2.6467671938234245
DSC05224,-0.9882983942315839,0.07049645061053489,-0.13526468279114476,-0.1286986393764508,0.09059000924186751,0.9875373969871768,0.08187151019691075,0.9933900043169726,-0.08045716339271684,0.9117943123319087,-3.172791318297626,-2.9488182133098197
DSC05225,-0.9889035930575909,0.07252586965671204,-0.1296521572065988,-0.12877557131134929,0.016654528676646633,0.99153390204672,0.07407115411023794,0.9972274689884432,-0.0071301629491211955,0.8832178347595885,-3.311421603874533,-3.3309619400280974
DSC05226,-0.9902181445513887,0.07415197346662966,-0.11819268603517499,-0.12580291208714153,-0.10811648098732643,0.9861462639230107,0.060346114304072,0.9913689078087538,0.11638743539780624,0.8477187987419487,-3.390723992609592,-3.797077377898718
DSC05227,-0.9917413526000824,0.07311404214380696,-0.1053727971743785,-0.12181888718292805,-0.2800178330884449,0.9522343051360653,0.04011543678525934,0.9572065346589761,0.2866119357906824,0.8260872007174118,-3.232937649804366,-4.015162409371202
DSC05228,-0.9924483755429689,0.0729823987964775,-0.09858900216573002,-0.11851883639304349,-0.3633855198182066,0.9240693964234996,0.031614985405048,0.9287758251873074,0.3692911578219479,0.7925309459997487,-2.958053529858477,-4.355854427640175
DSC05229,-0.9935104921091398,0.07148295568103595,-0.08847083765941288,-0.11157074165574206,-0.4612789446643985,0.8802123066713432,0.022110442678580765,0.8843709189341326,0.46626087769418867,0.7715624329983302,-2.7837267022874324,-4.573615231303882
DSC05230,-0.994549175999542,0.06903772614518634,-0.0781391635950527,-0.10357577739002648,-0.5678846696341224,0.8165654048100465,0.011999785693246076,0.8202077751175282,0.5719398664021162,0.748352186413322,-2.6096736705249475,-4.810302005912669
DSC05231,-0.9948290210288142,0.06779042519180024,-0.07562854732947108,-0.10110986555065878,-0.5907173391378103,0.8005184696996522,0.009592393193505565,0.804025797779064,0.5945170329759789,0.7221986276042248,-2.3982990004523264,-5.07545386251017
DSC05232,-0.9956460443965032,0.0631099728742724,-0.06860091545602955,-0.09321272786981027,-0.6694640659039678,0.7369730333101727,0.0005845003553473835,0.7401587639061881,0.6724319018102857,0.6904194932411597,-2.0749216158320176,-5.401562752479871
DSC05233,-0.996464820714134,0.05873412683247985,-0.06006799001444166,-0.0838002711767281,-0.7455239842711683,0.6611894610678171,-0.0059477415760711486,0.6638857516332679,0.7478103590807464,0.6751036643054988,-1.8675827131024905,-5.548951153958452
DSC05234,-0.9967342212235406,0.05523851182435954,-0.05890330256727741,-0.07993869905123523,-0.7782174501807768,0.6228863496883894,-0.011432262938639179,0.6255607940444802,0.7800916589212715,0.651198722946546,-1.523506567689856,-5.768033157614456
DSC05235,-0.9976931810105187,0.046615871918526175,-0.04934852632437932,-0.06533315352575911,-0.8567854384149222,0.5115176356397979,-0.018436258174911513,0.51356175189107,0.8578545514124658,0.6325244947192525,-1.232196412954211,-5.929066683440132
DSC05236,0.024250241803449767,0.9665111239433635,-0.25547636498551224,-0.8393589086419194,0.158499180624526,0.5199563753093139,0.5430364152208582,0.20182729506954827,0.8150933656391698,0.5595952074889132,-1.539850808136055,-5.819401134659374
DSC05237,0.04152968020143172,0.9602039378629942,-0.2761950096847623,-0.6330200232707947,0.2391598459088868,0.7362664043965881,0.7730206567748429,0.1442600631402772,0.617760551008361,0.6022639655074074,-2.1744084274084012,-5.434976936600967
DSC05238,0.04632380004920278,0.9574365700633256,-0.284902298787455,-0.5274524209598968,0.2656522083502531,0.8069837965053435,0.8483207230597078,0.11288985120022305,0.517308256577687,0.6532241120277855,-2.596182766605055,-4.893755851993218
DSC05239,0.049041036980480644,0.9534257582335376,-0.297614348156609,-0.3664334599683457,0.29436994706602015,0.8826510373188123,0.9291509544242562,0.06576973316923838,0.3638033068724655,0.6972381398134663,-2.8161358696938845,-4.403363480434647
DSC05240,0.049615452874674615,0.9474467540160783,-0.3160426476607834,-0.157322885343087,0.3198958031391472,0.9342998367126507,0.9863000641708217,0.0033650317022303755,0.16492683219620793,0.7575308550007274,-3.0844223456918027,-3.72838736586267
DSC05241,0.04390024608657664,0.9390562181410618,-0.3409489515516141,0.19040908100083367,0.3271573318086544,0.9255876307061693,0.9807227693216651,-0.10555330129583287,-0.16444254412893025,0.8079307647960882,-3.1633253600791886,-3.145298977880162
DSC05242,0.04174322177490614,0.9372692620939016,-0.34609801179695354,0.24553094989463944,0.32615432931110183,0.9128734337877632,0.968489574584924,-0.12308405179217458,-0.21651387972768432,0.8546113225766147,-3.111686015836392,-2.5599601342089287
DSC05243,0.03607713058936201,0.9340370456467139,-0.35534945899493964,0.384545513172977,0.31522672759124215,0.8676156167973516,0.9224007745806428,-0.16794912197351688,-0.34780727922422083,0.9153275712566944,-2.7291644386960465,-1.7438365291079299
DSC05244,0.02834890992642289,0.9314621354018165,-0.362732173398875,0.5082478534433167,0.2990391549550774,0.8076259674341918,0.8607441308404282,-0.2072531643098392,-0.46493619681340626,0.9559040969989179,-2.481937125871391,-1.1905614266150275
DSC05245,0.006503749278752358,0.9253824027434077,-0.378979036277941,0.7630956343486315,0.24033379359757193,0.5999372637976903,0.6462528561510418,-0.2930990896400693,-0.7045922008997714,0.9934672034796126,-2.01528662693845,-0.6474036604409791
DSC05246,-0.026238125033500648,0.9214140331638516,-0.3876954220563498,0.9642073126181436,0.1256900761658335,0.23346576418636794,0.2638480985120495,-0.3676930571035463,-0.8917320206594717,1.024259799429804,-1.1626546719252338,-0.11807977702580383
DSC05247,-0.051992034240969,0.9205787131566947,-0.3870809492318763,0.9985020365935348,0.0413051588641549,-0.03588268063802689,-0.017044391865057,-0.38836672969497704,-0.9213472591656086,1.0289357640916834,-0.2758570687777392,0.10719134143951668
DSC05248,-0.08248949942100768,0.9250684035964586,-0.3707343134277856,0.9299330679312068,-0.06231766612603383,-0.3624099855918125,-0.3583573239844906,-0.3746531157699135,-0.8551111455188565,0.981785277542158,0.8790854096517051,-0.19196216131188415
DSC05249,-0.0980690844657168,0.9283323892748152,-0.3585825284301637,0.8271767833542083,-0.12429892800505324,-0.5480222126671325,-0.5533181939461609,-0.3503551790970238,-0.7557051175743428,0.9471174996331766,1.4485512799921747,-0.4619896039729545
DSC05250,-0.10686217069003105,0.9321772307492926,-0.3458700434382764,0.6849093864674362,-0.18315019899991283,-0.7052341008027705,-0.7207493384001229,-0.3122524861051916,-0.6188851073639698,0.893225186805574,2.2419625504544336,-0.919351475326399
DSC05251,-0.11259100396359167,0.9366221827779915,-0.3317561643054458,0.5184121825562448,-0.22946474432958452,-0.8237686204797006,-0.8476863068398246,-0.2647353732275862,-0.45972068406621547,0.8074810149569375,2.96609165247798,-1.8048822237768016
DSC05252,-0.11604839523792655,0.9428218844353856,-0.3124414572242465,0.2624450389805501,-0.2742801044357432,-0.9251448674803399,-0.9579433028510611,-0.18936028765405497,-0.21560916024690158,0.7412773686379547,3.1656495268038682,-2.559056105309838
DSC05253,-0.11691379591040665,0.9460899288621402,-0.30206789109643944,0.1334508090995099,-0.2864296747590192,-0.9487617840997438,-0.9841351766279397,-0.15123454606363346,-0.09276888595009017,0.7191237291177872,3.144776689766596,-2.828247659199691
DSC05254,-0.11699105620678721,0.9484613123626154,-0.2945067600565488,0.028394183985140514,-0.2932275243713232,-0.9556209443429353,-0.9927269831547032,-0.12016138274192112,0.00737421277909075,0.6874760852313789,3.2794198166909285,-3.1892376442235744
DSC05255,0.9920705428326244,0.0675858204251504,0.10596317719491713,0.11043285822334553,-0.06623005942256315,-0.9916744239182063,-0.060005182012927406,0.9955128005738265,-0.07316858632809797,-0.32901883792320613,3.7616716150186913,-3.2772318562520097
DSC05256,0.9912992497683666,0.06572579320182466,0.11404348958473967,0.11325861718882814,0.015558665633986335,-0.9934437143372363,-0.06706924064836373,0.9977164166393581,0.007979281118690172,-0.3158731812497019,3.6600341146117428,-3.1427240567410557
DSC05257,0.9920759792533236,0.06509535575152373,0.10746090474280384,0.11140010862065557,-0.06024649759707197,-0.9919477684468031,-0.05809704973460821,0.9960587102108334,-0.06702073280161798,-0.2778754941109383,3.383109324812153,-2.754879946420696
DSC05258,0.9929624446975684,0.0653037016204193,0.09879782373564677,0.10913789196898094,-0.18065971409676246,-0.977471732705884,-0.04598373578555504,0.981375307544034,-0.18651541970050878,-0.2456638398879429,3.276635005054749,-2.3976268954984326
DSC05260,0.993857383156961,0.06484054596334386,0.0896839202063179,0.10494297503398613,-0.29489361867416425,-0.9497498226671448,-0.035135081263800605,0.9533275708089178,-0.299886759961413,-0.20555810152235704,3.017779448273094,-1.962535947381994
DSC05261,0.9950091393360028,0.06149760624185028,0.0785802587444812,0.09723732620555393,-0.420807277723228,-0.9019235762566365,-0.02239899618782003,0.9050631356108194,-0.4246869500327151,-0.19046182225923847,2.959146092874162,-1.809543399012748
DSC05262,0.9952065455422681,0.061468215688137914,0.076063067055846,0.09561645511225773,-0.44832276904709667,-0.8887430383781968,-0.02052864392967015,0.8917557699359508,-0.45205112715748075,-0.16946086713898356,2.897658870051617,-1.5653007298362036
DSC05263,0.9958875091350465,0.06133209130500597,0.0666816595845309,0.08918620726554753,-0.5342281526448034,-0.8406224487576497,-0.015933912965108273,0.8431124809287756,-0.5375011208544083,-0.12693579999571566,2.615193607108316,-1.117984383414046
DSC05264,0.996628541503866,0.05519795422247894,0.06070202722751645,0.08130867581325904,-0.5655071176315674,-0.8207256540071908,-0.010974948627277244,0.8228942129810429,-0.5680886064206347,-0.11194987828087147,2.444388472407569,-0.9496004140747708
DSC05265,0.9973509630254012,0.05219841991772059,0.05065946614798052,0.0727256775069093,-0.7292173542638978,-0.6804065153064909,0.001425616872130645,0.6822883372874362,-0.7310817959832399,-0.08270629930528313,2.34308748750139,-0.6418010290512588
DSC05266,0.9980031570323951,0.04157798599045246,0.04754965440831685,0.0602123247646921,-0.8536773020185476,-0.5173099070815916,0.019083356617845576,0.5191399956652457,-0.8544761496969269,-0.06651559769007216,2.155990560305904,-0.4316996904164088
DSC05267,0.9985544228839902,0.03940034630764872,0.03656059695435498,0.05232490462869929,-0.8681545249062125,-0.4935279376493965,0.012295076023309667,0.4947275347054236,-0.8689611599547328,-0.0614756969796828,1.807629605043587,-0.5068979510205425
DSC05268,0.9949806034265387,0.03140389078266089,0.09501260152564972,0.07197482913159435,-0.8842327391014903,-0.46146731961489296,0.06952138359123032,0.46598954789221053,-0.882054713993851,-0.09838002607322488,1.072694379158162,-0.8447428517778719
DSC05269,0.9998037850020698,0.013250117921332747,0.014725008339759621,0.0151347657786488,-0.9905536261209794,-0.13628812363300166,0.012780076696196106,0.13648424141141596,-0.9905598020745592,0.024349070830489646,0.7031404829682213,0.26028099440392244
DSC05270,0.9998236357136021,0.011541971266475609,0.01481486981779304,0.013383078279203873,-0.9913068824227405,-0.13088757800906758,0.013175381748055926,0.1310627626772415,-0.9912865183967763,0.022386683232992217,0.458053304942029,0.18686493629393228
DSC05271,0.9998854822580161,0.0091239105558387,0.012073799146251335,0.010220982129246707,-0.9955042061514223,-0.09416425574038204,0.011160371587388291,0.09427687834774508,-0.9954834585843383,0.014182653600527048,0.2378601772532721,0.043711124148329436
DSC05272,0.9999572360515101,0.0007872002416682037,0.009214466018402366,0.0007614924591813938,-0.9999958093147575,0.002793113344959797,0.009216626142975762,-0.0027859771540157396,-0.9999536449925257,0.015477170336638353,0.02131203166316045,0.0032777573302666635
DSC05273,0.9999597038490187,0.002491106308038571,0.008624677822677085,0.002671538395964547,-0.9997764831362278,-0.02097252131611499,0.008570505281593067,0.020994717362185274,-0.9997428510782662,0.014261679734129501,-0.1830897483322442,-0.051108507412183576
DSC05274,0.9999612763601862,-0.0044606715670022536,0.007586052285541322,-0.004886273789171766,-0.9983597777056157,0.05704277857933492,0.007319160372944567,-0.057077637203769446,-0.998342913643739,0.025465900577805532,-0.36462472412861724,0.040693078398706437
DSC05275,0.9998246163367381,-0.01665352741319448,0.0085671810878682,-0.018037229345030173,-0.9793781488139747,0.20122897401534126,0.005039337719296965,-0.20134820995084626,-0.9795067653798727,0.029624166074143775,-0.5651031578563838,0.05941696834746303
DSC05276,0.9996839552974814,-0.023266228964347026,0.009522190428776348,-0.0250264895381178,-0.9568999001486012,0.2893376158002893,0.0023799878532842498,-0.28948447917872183,-0.9571797490400863,0.024493436480567038,-0.7829602566185893,-0.03621268951335351
DSC05277,0.9994246570408329,-0.032096721179548454,0.010961541330310045,-0.03386196621360962,-0.9258749879321762,0.37630954540875144,-0.001929285609268458,-0.37646421770350924,-0.92642915036495,0.018891637500847148,-1.055161293958959,-0.14254337007973278
DSC05278,0.9992148486902701,-0.03726561293257811,0.013452146655463118,-0.03939996409420205,-0.8989773317357691,0.43621944002372565,-0.004162809899143644,-0.4364069558542766,-0.8997397623178311,0.008369979269209056,-1.2851254633730613,-0.307267777146479
DSC05279,0.9988023784224151,-0.04656675484090574,0.015011535608110547,-0.047174549115977196,-0.8352164097756765,0.5478942514364736,-0.012975776409558009,-0.5479462438825694,-0.8364129022447903,0.007018912639146277,-1.6670650963549882,-0.38391727895824207
DSC05280,0.9986932275656386,-0.04860108056205934,0.01580418244415426,-0.04890249788950644,-0.818960149079974,0.571762905336708,-0.014845299414114768,-0.5717886053316446,-0.8202666687719298,-0.00296132949734277,-1.9030850107626889,-0.5492733275063774
DSC05281,0.9979602753373635,-0.06008301220305306,0.021571288630526,-0.058408803633365064,-0.7230139886934974,0.6883597778862726,-0.025762385500816515,-0.6882156666322898,-0.725048616090797,-0.010007209035658987,-2.1155664968717374,-0.6764846368182403
DSC05282,0.9973757878566787,-0.06685234218777088,0.027790324598299495,-0.06425640493616253,-0.6405433186296586,0.7652289666391254,-0.033356441985762916,-0.7650065498431454,-0.6431580882451354,-0.0283253495932292,-2.294151756606686,-0.9210386221712323
DSC05283,0.9968453164187159,-0.07219068271903972,0.032983639317532294,-0.06875600902969799,-0.5778510287442716,0.813240923589987,-0.03964878757765751,-0.8129432292034579,-0.5809916348243546,-0.04245042533446225,-2.4981948825546807,-1.1395704102068966
DSC05284,0.9965780817046554,-0.07473792170808606,0.03530396754792939,-0.06996174575589478,-0.5352556010137932,0.841787856715782,-0.04401682856200327,-0.8413772546498504,-0.5386527955568641,-0.06208084933834751,-2.6474711497626395,-1.3870375047745356
DSC05285,0.9961428551796532,-0.07824583299545008,0.03971148062433135,-0.07213955814406592,-0.47265199659475654,0.8782915087064029,-0.04995294010673891,-0.8777685798283273,-0.47647352921317043,-0.0870485313009299,-2.8063860953034063,-1.7085508223872221
DSC05286,0.9951314073022421,-0.0861553578637505,0.04786163925345839,-0.07538766770694175,-0.3526021987323521,0.9327316811424489,-0.06348371254398126,-0.9317987678466205,-0.3573805737321954,-0.1070191376358713,-2.955190613108658,-1.9950957708675015
DSC05287,0.9949489468538621,-0.08718948741912595,0.04974521522700061,-0.07518272037979888,-0.3188840123458593,0.9448071471080747,-0.06651429703968548,-0.9437748566018255,-0.3238284551047367,-0.11701686857111503,-2.999001615152456,-2.1276820158753935
DSC05288,0.9944272379721233,-0.08992444534417099,0.05502783394498842,-0.07508071566070738,-0.2376544972927309,0.9684437134146803,-0.07400915156256027,-0.9671783362162755,-0.24308169704629662,-0.14341704973019986,-2.8997809446287977,-2.406005435005545
DSC05289,0.9939931553554637,-0.0916459073622253,0.05982169146926236,-0.0751657650483665,-0.17437736594907954,0.981805806669198,-0.07954693502067173,-0.9804047949232069,-0.18021854294273332,-0.16130755226567897,-2.9348511639327053,-2.643292212699377
DSC05290,0.9928077315964432,-0.09581175250960497,0.07178381546952786,-0.07532271826579019,-0.03384048331214179,0.9965848231847869,-0.09305533942433081,-0.9948240697581854,-0.040813895114087284,-0.18477799057316974,-2.973086921408014,-2.9276768301686458
DSC05291,0.9922583005989747,-0.09773556941073971,0.07662390856901789,-0.07429540750038637,0.02725079208985725,0.9968638757397256,-0.09951712072194556,-0.9948392597814151,0.01977852069240449,-0.19531391573243848,-3.005696864013678,-3.060905404614579
DSC05292,0.9918562889060771,-0.09800053212154144,0.08134493138087362,-0.07458754122882484,0.07075258522533759,0.994701347328619,-0.10323662553039334,-0.9926681053543658,0.06286677788205167,-0.21623199644030208,-3.00264600663752,-3.32053342141623
DSC05293,0.9917428548623097,-0.09838238135165056,0.08226187980549773,-0.0738418164824437,0.0863669230218338,0.9935230952254275,-0.10484987347693298,-0.9913937974626021,0.0783890450544723,-0.2297130095287311,-2.9837239278401717,-3.469391142534801
DSC05294,0.991647985730113,-0.09786516816427367,0.08400405500681747,-0.07302107539577811,0.1108606512712263,0.9911497558632418,-0.10631178178101466,-0.9890057253928808,0.1027885217066958,-0.24781765622124627,-2.9510012936046226,-3.6719771240876335
DSC05295,0.9915973511954619,-0.0959977886686041,0.08671284606609315,-0.07364673980964238,0.13215709851098667,0.9884890788615565,-0.10635248383349949,-0.9865692706971445,0.12397670466079427,-0.26484347543409736,-2.899213451068983,-3.867974868318777
DSC05296,0.9910723825929943,-0.09846103026703738,0.08989414875396089,-0.07072578391341913,0.183298205285587,0.9805098833917562,-0.11301944943804162,-0.9781141004289001,0.17469805548684733,-0.275285110999468,-2.9131410193043163,-4.004930903588723
DSC05297,0.9901388300931424,-0.09739330518175553,0.1006957856494338,-0.06932089664044747,0.2839991547661946,0.9563153733894754,-0.12173623302348284,-0.9538653071570748,0.27444719960566477,-0.2949132860007942,-2.6293385478835796,-4.181881179565996
DSC05298,0.989685036273356,-0.09672080561490626,0.10568166699011496,-0.06548512244777314,0.35068316696235274,0.9342018064354485,-0.1274175329952916,-0.9314861255920338,0.3407321090166515,-0.30964239334306937,-2.5339782647256848,-4.335588321099706
DSC05299,0.9886595691326507,-0.09499355374795848,0.11631199898882064,-0.058241710576352246,0.4713536464858527,0.8800191151865001,-0.13842022797113906,-0.8768135290304453,0.46047570597979903,-0.3378684742548273,-2.402808845936613,-4.6333948140991845
DSC05300,0.9874622511159619,-0.09169701496458815,0.12849108944818374,-0.05393127598877968,0.5690269028180138,0.8205484759230018,-0.14835673254429388,-0.8171903335918278,0.556947249380817,-0.3573324115483011,-2.262647557183641,-4.853773720410579
DSC05301,0.9875601751993761,-0.08918669689287563,0.12950148052248794,-0.0499365764275425,0.6030593196479906,0.7961317700735216,-0.14910143760163483,-0.7926948909151876,0.5911036890614751,-0.37689518621660856,-2.1228321434939756,-5.052991439599415
DSC05302,0.986821578751514,-0.08634486247297747,0.13684932018425308,-0.0432033958025925,0.6744320142772153,0.7370718585790007,-0.15593793092603916,-0.7332707704814783,0.661813673820665,-0.39317840173274604,-1.9838316678968098,-5.2467279383964005
DSC05303,0.9863206344954287,-0.08230713181437742,0.14281856329282122,-0.036243578062969274,0.7369286520045284,0.6749981962227618,-0.16080425683957603,-0.6709409049292487,0.723864830665914,-0.41436458532454445,-1.8048385407605005,-5.4624138407918466
DSC05304,0.9855938991386859,-0.07918295617534284,0.14944806934830412,-0.03294348577901553,0.7768282315077157,0.628850240897881,-0.16588970047995616,-0.6247143012481217,0.7630286030619964,-0.43840816260995225,-1.7288190248596997,-5.7451747023172866
DSC05305,0.07537770474598722,0.9893137148167896,0.12480615090062885,-0.8216895815721659,-0.009284129379636186,0.569859663844899,0.56492869741498,-0.14550662739911896,0.8122089560082111,-0.7925527453358602,-1.6275995828751502,-6.113772333488546
DSC05306,0.07894532468359472,0.9906130186241727,0.11159517481910462,-0.771255342016868,-0.010233091469370877,0.6364436198512982,0.6316112990764542,-0.13631262293450344,0.7632077277567818,-0.783456751490213,-1.8251865064468176,-5.98806817781419
DSC05307,0.0834202381721565,0.9910008989445754,0.10468181386632663,-0.7130411239138953,-0.014024205607144494,0.700981937901896,0.6961418098856799,-0.1331185184267464,0.7054544922111973,-0.7631885052966734,-2.058103010735608,-5.772328637411521
DSC05308,0.08863239762851552,0.9913324699861273,0.09697541978163882,-0.6278143592865676,-0.01998573798207948,0.7781064840694415,0.7733003480952387,-0.12984800433012425,0.620601375608584,-0.7352785375184749,-2.3229857334121506,-5.491057804647365
DSC05309,0.09394965330213734,0.9919561452703312,0.08483200165523497,-0.47616647245926164,-0.030059982865195456,0.8788412188420884,0.8743219962634541,-0.12296098279767365,0.46951213355920707,-0.7022732083532206,-2.6152277745868386,-5.146362817438054
DSC05310,0.09888401058093892,0.9921757766102466,0.07621798186309388,-0.3666973094060289,-0.034871171961182834,0.9296865518229425,0.9250702869111125,-0.11988006370497045,0.3603799864036354,-0.666526175796797,-2.7914896795409323,-4.758266009649287
DSC05311,0.09856140905547295,0.9921440446313499,0.07704442450655213,-0.36780163546572897,-0.035620141987615074,0.9292218047557412,0.9246662130702812,-0.11992247573882064,0.3614014308479383,-0.6322573096461525,-2.9152538455398624,-4.373364296946641
DSC05312,0.09825313344697692,0.993351454428242,0.059993414248122746,-0.17693888488701806,-0.041887018620629594,0.9833301117559727,0.9793053419556074,-0.10723043251041789,0.17164696781720196,-0.6030174948913177,-2.975907240728967,-4.034087103133179
DSC05313,0.09351491584417128,0.994221726106683,0.052707872771584056,-0.08744055282493964,-0.044533826633821404,0.9951737978901062,0.9917706943826918,-0.09767239949339132,0.08277072031145338,-0.57897122144182,-2.9184390048359368,-3.745135137784833
DSC05314,0.09170033016723987,0.9948044479358951,0.044217189125709384,0.008013500279289881,-0.045140064093927505,0.9989485264150852,0.9957544040879222,-0.09124957523493252,-0.012111224502556629,-0.5478656375422185,-2.9561097880666365,-3.374639630970652
DSC05315,0.09443144522340147,0.9951599184884071,0.027192623763928767,0.17175482371547454,-0.04319087929655607,0.9841924753197704,0.9806033768468707,-0.08826825352150763,-0.1750020935211257,-0.5098402297250487,-2.905413040945164,-2.894546972400832
DSC05316,0.0904535512052607,0.9956974469293689,0.020118380966024575,0.25376004879458997,-0.04257767818430309,0.9663296430081205,0.9630285523857145,-0.08230270650938996,-0.2565195349112902,-0.47581012645817194,-2.8880836426822527,-2.482933746421517
DSC05317,0.08158803945489457,0.9966271813440513,0.008812106678790288,0.42720731629931363,-0.04295839904302084,0.9031325953878527,0.9004650469164501,-0.06992022138031653,-0.4292713150489824,-0.4388004079058509,-2.7472308441444353,-2.016721021963762
DSC05318,0.07863005460574818,0.9969027593162154,0.001484244054412886,0.5223567484363336,-0.042468559446619085,0.8516688610143911,0.8490940712758027,-0.06619146414942788,-0.524078189011942,-0.4058124434509394,-2.6395184511166363,-1.59754296267555
DSC05319,0.07344659642398915,0.997290324200782,-0.004196037324766436,0.6027659520235231,-0.04103864637616103,0.7968619934372503,0.7945305560863646,-0.06105602967039042,-0.604146800608909,-0.38541432079801435,-2.5169683597351185,-1.3290942769407794
DSC05320,0.05681628550755384,0.99830164364602,-0.01287392693699883,0.7402757417144588,-0.033472114711322866,0.6714696149237583,0.6698983026775276,-0.047680665163219664,-0.7409202509308007,-0.35726720597219197,-2.286222726457942,-0.950708534899467
DSC05321,0.04287935816384847,0.9989493049728335,-0.01617549806804203,0.8586231467670258,-0.028568434048972392,0.5118106450747973,0.5108107795254003,-0.035834769013938846,-0.8589459918122737,-0.32987757583212546,-2.0658778862089,-0.5783093879134119
DSC05322,0.04611874501419463,0.9986635374394969,-0.023328102090536186,0.8832574741027878,-0.029858557315758927,0.46793664207516905,0.46661471879900973,-0.042185371206762134,-0.8834540727487019,-0.3100431657039021,-1.7749453814363476,-0.2905490495903285
DSC05323,0.033106463073966134,0.9991653067502917,-0.023930146036493204,0.9393246308218342,-0.02292646128534709,0.3422624947381124,0.34142817697746775,-0.033809276234892605,-0.9392995969371626,-0.2959193276250037,-1.445780512513278,-0.08643991433538144
DSC05324,0.025487619523979717,0.9993753758188653,-0.024479368004559195,0.9647515319935533,-0.018173901260435516,0.26253417078366786,0.2619252999751895,-0.030307878841610597,-0.9646121343384757,-0.3001935477453295,-1.1853809502772938,-0.10094267736391821
DSC05325,0.02474474501250646,0.9993410465377343,-0.026555042819251303,0.9701006782157254,-0.017588445317390223,0.24206470357469906,0.24143813228165878,-0.03175089441548725,-0.969896648609614,-0.2998149349845952,-0.8701968078244453,-0.046286516657885905
DSC05326,0.012915843542755098,0.999545992093658,-0.02722114389742763,0.9936654462935541,-0.009791027392509205,0.11195140296053073,0.11163405317290537,-0.028494656904488713,-0.9933407737026022,-0.2969145154891879,-0.5420520075006351,0.0293142477889519
DSC05327,-0.002204935302323407,0.9996698046622274,-0.02560117002983628,0.9999969344700586,0.0022330545663367092,0.0010698213819906165,0.0011266369415967217,-0.02559873266175062,-0.999671663885355,-0.3003363378965166,-0.24369264416733724,0.04349630736363257
DSC05328,-0.013333154076196507,0.9997197526579547,-0.019561266520819246,0.9951402285332698,0.011358241653445206,-0.0978106124165149,-0.0975610196601704,-0.020770327201564867,-0.995012784315261,-0.3006943303499467,-0.0018180101523950585,0.07633095772754707
DSC05329,-0.021889010858308137,0.9996576323611958,-0.014334896778608552,0.973895631811834,0.01808017240417736,-0.22627506646483186,-0.22593841979945273,-0.018913630741973383,-0.9739579585540039,-0.310283870283559,0.22587600515187947,0.014082648490908943
DSC05330,-0.023879367764995996,0.9996409526425004,-0.012154900046411371,0.9655144735153729,0.019907767310601215,-0.25958713803468614,-0.2592519570369262,-0.017934508655135902,-0.9656431929920196,-0.31849156862039946,0.48353941213226964,-0.023998786530791218
DSC05331,-0.034749011342523645,0.9993799190052282,-0.005681874674863113,0.9427812927020031,0.030893620191136055,-0.33197743652637907,-0.3315960499491171,-0.016892652858255166,-0.9432702146986055,-0.3175713652664576,0.7171434758959168,0.013705235503561891
DSC05332,-0.02955786164058516,0.9995620061776328,-0.0014589795687569573,0.9464667410458624,0.027518339704570002,-0.3216262568167103,-0.32144523780771844,-0.01088746003666159,-0.9468655777377746,-0.3288299823954804,0.9836750177626566,-0.09471874348479738
DSC05333,-0.027775392103968954,0.9996135432599963,0.0011365406577158919,0.9327246719515481,0.02632569804149259,-0.3596270901301863,-0.3595180300434844,-0.008928703927447832,-0.9330954208010177,-0.34965374313287634,1.2587616446324015,-0.2659259312834082
DSC05334,-0.04407703203548572,0.9990189392052653,0.00428653194663077,0.8770941890163779,0.04075116475387919,-0.4785865921282215,-0.47829175075537844,-0.01733498429156631,-0.8780298966885843,-0.3544992932190424,1.484246522469904,-0.2566525360124525
DSC05335,-0.04500895109185272,0.9989823669009688,0.0029025751582655314,0.8589058339342621,0.04018126422298671,-0.5105548300027458,-0.510151901648226,-0.020486498636436132,-0.8598402994849207,-0.36465170958408605,1.6903557672112657,-0.31977693238263
DSC05336,-0.047325467728484935,0.9988559724689338,0.0068590354585024,0.7938456539118118,0.04177816906778294,-0.6066825053969099,-0.6062750018511467,-0.023266517841838693,-0.7949146440202921,-0.37726551276955916,1.8334574523974843,-0.4248909093790772
DSC05337,-0.052699917546200195,0.9984704413370525,0.016718147828489852,0.7099303880299376,0.04923389434923568,-0.7025488365934932,-0.7022973464582407,-0.02515554458563423,-0.7114391300275197,-0.39358866521303737,2.015201844454392,-0.5853741130500546
DSC05338,-0.05837505677768477,0.9980279152973984,0.023078843847365135,0.6393926624570804,0.055132501675956985,-0.7669011868911123,-0.7666611871891313,-0.030011456913644437,-0.641350088884123,-0.4191599620193971,2.257874043053761,-0.8412923921217379
DSC05339,-0.06368528125270466,0.9974405511280556,0.03250433689717052,0.539006226767219,0.06178960466676926,-0.8400323400091747,-0.839890750310973,-0.035977655850337305,-0.5415617562398455,-0.44546083982753815,2.4593914974616924,-1.112237865839548
DSC05340,-0.06399606464816952,0.9972642607474631,0.03699321485574619,0.4754678922759531,0.06306102851499107,-0.8774699938444016,-0.8774022949161976,-0.03856554055692281,-0.47820279375735814,-0.4647616316976187,2.680320751026057,-1.2977378004893045
DSC05341,-0.06310060263087137,0.9973395838344974,0.03649751312695732,0.4572898584076861,0.06139904797477884,-0.8871956617935357,-0.8870762646723784,-0.03929263830060767,-0.459947594004228,-0.49318434161638175,2.867280186293588,-1.6060861496950654
DSC05342,-0.06627667421930507,0.9965446995627905,0.05006060554703502,0.29647756835927735,0.06757308203540563,-0.9526462775049334,-0.9527373478111364,-0.04829638037725051,-0.2999316684317578,-0.5072857257788375,2.972019282248468,-1.7564511337379014
DSC05343,-0.06758336930429865,0.9961734856546189,0.05541547322008436,0.22523946030333833,0.06934235086207448,-0.9718327139478182,-0.9719566213138011,-0.0531979779281884,-0.22906396798408157,-0.5215306799089191,3.0240970146317165,-1.9189679108997648
DSC05344,-0.06822600659971247,0.9960302911548722,0.05717404240909253,0.1947352895184618,0.06950044424912295,-0.978390441115067,-0.9784801372739342,-0.0556178689911368,-0.19870398488522537,-0.540878970417244,3.1708497216974014,-2.1246406973496885
DSC05345,-0.0678124695187513,0.995940111768908,0.05920103670970528,0.16480308649798775,0.06970425060497291,-0.9838603865022394,-0.9839925871969287,-0.05696148889674975,-0.16886082175614403,-0.5544485993110159,3.2471437174029076,-2.276905760005664
DSC05346,-0.06774070302881038,0.9952796367013966,0.06949562519107866,0.04478193122098279,0.07261858369625529,-0.9963539129938062,-0.9966974344249523,-0.06438156622424018,-0.04948977814894747,-0.5855361824586229,3.2934894485353916,-2.6415148054632542
DSC05347,-0.07016571074968384,0.9950905566677443,0.06979654049930181,0.040215163423299956,0.07273387217863085,-0.9965402773941151,-0.9967243920291252,-0.06711607757148506,-0.04512115319436617,-0.6092564339309425,3.3479916648626444,-2.9036352247973207
DSC05348,-0.07168548332933788,0.9938455598996631,0.08445232114965655,-0.06676868966599968,0.07969877360248379,-0.9945803374119888,-0.9951899987239244,-0.07693574301964906,0.06064452065842266,-0.6296227803364994,3.365317020769447,-3.1484805017998942
DSC05349,-0.07223031341121759,0.9933873606318306,0.08924311492458624,-0.11148495767498541,0.08087481021411021,-0.9904697720198424,-0.991137672594844,-0.0814912069474813,0.10490613496606724,-0.6556166354780368,3.4241443664952333,-3.4347598380016815
DSC05350,-0.06862872257296274,0.9931631057326343,0.09443062982693592,-0.170149455601262,0.08161481656473936,-0.9820326799428306,-0.9830255648743819,-0.08346296860651671,0.16338504115980163,-0.6895390863890742,3.4418693038065657,-3.8110945172736415
DSC05351,-0.9951452812114499,-0.08096715213072575,0.055948097004496294,-0.02863528633419659,-0.30567693400904544,-0.951704593028419,0.09415885332321751,-0.9486864246370714,0.3018744408693575,-0.613499527568335,3.5087465942131137,-3.5118575492796826
DSC05352,-0.9971970844425269,-0.07241844399717627,0.01880275906221656,-0.01048303656134016,-0.11359479696724809,-0.9934718556891401,0.07408158154209132,-0.9908843479796204,0.11251723514744275,-1.3885378715696024,3.5170494087718422,-3.265245236267969
DSC05353,-0.9945481963117597,-0.07131219620280686,0.07608190248513806,-0.06778467041342381,-0.11231309391859234,-0.9913581630225159,0.0792409216880343,-0.9911106596173638,0.10686691126286416,-1.3758631586890255,3.502598944031342,-3.265318023624997
DSC05354,-0.9951203803302249,-0.0756416950829366,0.06335426281166003,-0.06540470519915276,0.02494256507387322,-0.9975470379813414,0.07387593105498409,-0.9968230547155877,-0.029768177610387962,-1.3542854716905823,3.5272409773425593,-3.0178987316898986
DSC05355,-0.9945790106659622,-0.08147397452593151,0.06461101312983658,-0.06885275651821061,0.05037246590688703,-0.9963543107741862,0.07792232967872603,-0.9954017310379801,-0.05570910503708107,-1.327869811745995,3.532247850356879,-2.809182222166895
DSC05356,-0.9951699723673082,-0.08310921880112639,0.05224541940416849,-0.06727018001023301,0.18974428510844116,-0.9795263289723648,0.07149439824099373,-0.9783097485045077,-0.19441858707748355,-1.299083916772483,3.418793563160542,-2.479695327733385
DSC05357,-0.9957636617320027,-0.08216477987554269,0.0412756456288396,-0.06380813448284016,0.2942578039982707,-0.9535936591441531,0.06620613225293945,-0.952187635780952,-0.29825400972658733,-1.273568735593598,3.2677512245225744,-2.196769135477074
DSC05358,-0.9957922353107194,-0.08245429991933516,0.039988904957419955,-0.06444301959218303,0.31982643201169453,-0.9452820481806001,0.06515306071646025,-0.9438815295424959,-0.3237942817095386,-1.2391386673440943,3.0422907953526903,-1.839404747179789
DSC05359,-0.9966387152298108,-0.07775247386596376,0.02580356783072195,-0.05986614567858831,0.4762283001692484,-0.8772813976823501,0.055922409700066456,-0.8758773652319319,-0.4792823021640874,-1.2098252474665134,2.842656916918012,-1.4941234285314007
DSC05360,-0.9969687341496847,-0.07567918147725322,0.018055597993657673,-0.0596741924846031,0.5948795255406004,-0.8015967445317508,0.04992327993317484,-0.8002443449244259,-0.5975923815923282,-1.1715255222035694,2.5761103569069435,-1.134154620770166
DSC05361,-0.9973138057751385,-0.07287930683151762,0.007333447079455454,-0.05547639397341802,0.6861800632474604,-0.7253132361355449,0.047828260704480735,-0.7237717371087853,-0.6883799314626453,-1.1450400690130456,2.234577977210999,-0.8969673474471193
DSC05362,-0.9977876040604534,-0.06634773047644363,-0.004227983434804586,-0.05032401846447057,0.7953077400027521,-0.6041134759772395,0.043444106031628904,-0.6025641686595213,-0.7968870888016522,-1.0965208875150545,1.9633494482484004,-0.4311972982366493
DSC05363,-0.997999473392049,-0.06293377448343221,-0.006032506814034435,-0.04660825244635794,0.7968510582681538,-0.602375349546128,0.04271676384148784,-0.6008891170309142,-0.7981901697720406,-1.0799866095128123,1.8670502162199725,-0.21709232715566443
DSC05364,-0.989048377605048,-0.058333373853867915,0.1355747920951652,-0.12778836623948175,0.7980669441424514,-0.5888627056631905,-0.0738474116720856,-0.5997385848533963,-0.7967811428663328,-1.049134589639453,1.847857088922981,-0.24811116078873954
DSC05365,-0.9879298359051687,-0.06539240022961854,0.14042248153552936,-0.14144429049033977,0.7504040689394794,-0.6456680617831098,-0.06315181720323695,-0.6577367005962816,-0.7505959503438892,-1.0607433297324953,2.0634689111047217,-0.3386403349114418
DSC05366,-0.986547214516823,-0.06828547574655429,0.14853177212692428,-0.1549024143909978,0.680861602674975,-0.7158440612442797,-0.05224782813608066,-0.7292218947651882,-0.6822797026514357,-1.095054598919193,2.5163497145918354,-0.6407598755353349
DSC05367,-0.9845151464516086,-0.06984927268601611,0.1607824788731729,-0.17295168309777068,0.5366419588253044,-0.825895346482706,-0.028594435140705362,-0.8409140783298701,-0.5404126859591741,-1.1371441319544635,2.7944789016511624,-1.0082538878708942
DSC05368,-0.9898325015918303,-0.05537344733340019,0.13101679328572502,-0.1116065774615601,0.8733940647793316,-0.47405356182139746,-0.08817930970344492,-0.48385595887479993,-0.8706938729551118,-1.025993083493144,1.6565608125454037,-0.03563732023521092
DSC05369,-0.9912352313968995,-0.04941157511845264,0.12252025253748278,-0.09583963412979724,0.9072696227416839,-0.40948332832977397,-0.09092568706037722,-0.4176365978868184,-0.9040532017188601,-1.0022769432382161,1.4633192604251903,0.12547480990847912
DSC05370,-0.991934830874319,-0.043095871639880406,0.11919747122290514,-0.0813929491581396,0.9374800354641981,-0.3383879000989643,-0.0971621280421382,-0.34536057816960697,-0.9334268005155404,-0.9920179577404886,1.331638221734526,0.25211184794469893
DSC05371,-0.9926555675908895,-0.031057303722085403,0.11692034902583648,-0.0699467540621791,0.9359015002973498,-0.345247495772721,-0.0987034737330674,-0.3508900477737777,-0.9312001925721137,-1.0001007818737053,1.4026798123671775,0.3124750929807528
DSC05372,-0.9915756489620398,-0.042047788088779674,0.1225141457234678,-0.08942679767817022,0.9064800233027714,-0.4126703468993556,-0.09370475037338091,-0.42014991475644486,-0.9026037164158005,-1.0256277750679945,1.0501048125838113,0.02119851610120646
DSC05373,-0.9945411653722358,0.00017842628801390678,0.10434480602356225,0.011227262628874095,0.9943760613824577,0.10531000485886051,-0.1037391871661687,0.10590664149887276,-0.9889499301443588,-1.0194177600264756,0.2672431877970367,-0.05181996794494761
DSC05374,-0.9941078722146324,-0.008226929478561257,0.10808263520219609,-0.008075981911753101,0.9999657064406544,0.0018342461132575547,-0.1080940188773517,0.0009505650939004577,-0.9941402212509789,-1.010369656671987,0.12385089153648267,0.023002487684392937
DSC05375,-0.994157455985132,-0.008737116372673295,0.10758538704982618,-0.008312052760157352,0.9999557794287286,0.004398745957242879,-0.10761906191787259,0.0034787906769970806,-0.9941861171467559,-1.0051596973179848,-0.04496724811146962,0.04008197795670109
DSC05376,-0.9945912444745015,0.004348048472097806,0.10377548308317772,0.01839513707986721,0.9907032681292518,0.13479114752027574,-0.10222463179916821,0.13597105939318158,-0.9854247793013025,-1.0133015391158915,-0.3104338197861225,-0.08197638986582262
DSC05377,-0.9944984852829879,0.014121499934586761,0.10379473016218282,0.039216973138024455,0.9690024811004478,0.24391847129536506,-0.09713285637586463,0.24664706538042147,-0.9642253021734558,-1.0208540218088404,-0.544068865091412,-0.2320453599985251
DSC05378,-0.9940937699949974,0.01940207499620082,0.10677610192817147,0.05550909407241036,0.9363500303962304,0.34665164221771516,-0.09325404512617007,0.3505312825737815,-0.9318967233576831,-1.0199597307007886,-0.851739559485845,-0.35295333666178536
DSC05379,-0.9934159642492424,0.030026828142042404,0.11055818181607568,0.08082154560901497,0.8676441880640196,0.49057256413714995,-0.08119482582109597,0.49627809997062794,-0.8643584023710451,-1.0277505603055799,-1.251922562903667,-0.5089984157150798
DSC05380,-0.9927674068504715,0.037260876545875087,0.11412494457577389,0.09295410507691926,0.8401724378144968,0.5342937479385236,-0.07597637951850204,0.5410378007273416,-0.8375593638300404,-1.0353385698624902,-1.3793755793560194,-0.6047129197161367
DSC05381,-0.9918329335592939,0.043361524298728235,0.11994669698518715,0.11027161454493353,0.7641001973744884,0.6356029101553279,-0.06409058380775684,0.6436386148940714,-0.7626412855887241,-1.0422953065312677,-1.6183958382027217,-0.7873750026281259
DSC05382,-0.9910567592286548,0.04930069958723476,0.1239997621264063,0.12244263423907374,0.7054001394744922,0.6981535966748031,-0.05304998876335889,0.7070926984841354,-0.7051280837143215,-1.0506240278061236,-1.849147866872343,-0.9593399300379291
DSC05383,-0.9898645531164694,0.05664713455368976,0.1302277567586447,0.1365227628575031,0.6321164417044774,0.7627518202853563,-0.03911140121865434,0.7728000428789626,-0.6334432824026056,-1.062787488594903,-2.0694294624756813,-1.124479447818064
DSC05384,-0.9902203606541915,0.05645905399638894,0.12757747672577607,0.13409488262869076,0.637521101290285,0.7586734527202199,-0.03849934802929474,0.7683613867389842,-0.6388572450632961,-1.0756496975237513,-2.278453820506138,-1.3155571084536979
DSC05385,-0.9891798143676926,0.06276868958613403,0.13260236217781682,0.14516667689066146,0.5494527659311175,0.8228172907341986,-0.021211571559402547,0.833163699172188,-0.5526195070875589,-1.090030040192085,-2.4659764188783404,-1.4942843910546189
DSC05386,-0.9867273343120326,0.07280840918506544,0.14514855587779815,0.16208106654695134,0.3868452608192261,0.9077887816274816,0.009944626110264842,0.9192658373580762,-0.39351165761370066,-1.1143699100996602,-2.653010117387722,-1.7998010331087395
DSC05387,-0.9850792406582862,0.07741640298939877,0.15370618130796623,0.16941280295053207,0.27894643266435487,0.9452450422510954,0.030301680160324328,0.9571810634629236,-0.28789966989812227,-1.1342976697142746,-2.784739953966478,-2.050914697435251
DSC05388,-0.9833268266126878,0.0827153820011577,0.16194603312283956,0.1723820397024737,0.14042763305883427,0.9749689801534756,0.05790323351796595,0.9866297408115651,-0.15234490504860343,-1.1549837332413544,-2.859966023853913,-2.3277909845783418
DSC05389,-0.9821451614458412,0.08231864546640899,0.16915827634821262,0.1742533316646957,0.059197234589450545,0.9829198664289551,0.07089892983872295,0.9948463841345243,-0.07248457575365017,-1.1748984812529562,-2.978176774688991,-2.5780484439838087
DSC05390,-0.980752996268647,0.0862150674376525,0.17518710699361612,0.17418727398183242,-0.01904519435829546,0.9845283511177485,0.08821765068765844,0.996094494874144,0.003661063858292242,-1.1900527153646276,-3.0014175432106756,-2.7750337771501883
DSC05391,-0.9802194580123749,0.08554240924830313,0.1784721556823973,0.17253733035083535,-0.07242398500142022,0.9823368241249644,0.09695712335528915,0.9936987786127696,0.05623214040170768,-1.212839333655782,-3.0118180499231384,-3.0438387071104875
DSC05392,-0.9792532497823478,0.0857002874818303,0.1836260698164685,0.1723924396141828,-0.12395682779357428,0.9771978057728254,0.10650783799599572,0.9885798731356439,0.10661104481493894,-1.2271851088968615,-2.9676072534770324,-3.2204655282696852
DSC05393,-0.9797354160642568,0.0840060743397788,0.18182819908753786,0.17380349683722285,-0.09464262039837484,0.9802219742952525,0.09955329726609367,0.9919605606465152,0.07812417759759188,-1.239238805473825,-3.047282215721851,-3.3790735409235064
DSC05394,-0.9781977372345187,0.08551457626601851,0.18925232922030488,0.16838785247230412,-0.20677863973951977,0.9637884235075869,0.12155129785005558,0.9746434483407341,0.18787078164911586,-1.2679096429813825,-2.8969304756498704,-3.6985012465053253
DSC05395,-0.9765747212739746,0.08519117353168029,0.1975962492583153,0.16361121037427676,-0.3024624406829749,0.9390142937229241,0.13976117346574926,0.9493465836713131,0.281438942691099,-1.2891593894602478,-2.795916804715202,-3.9418368956322336
DSC05396,-0.9752506944042083,0.08364248682683799,0.20467050950621038,0.15876405801009733,-0.37934314572951155,0.9115331873674184,0.15388325753075266,0.9214676945967561,0.3566752456594984,-1.3058544430977104,-2.6852739112694763,-4.115585769525896
DSC05397,-0.9743004906422754,0.08338088943449086,0.2092514783970105,0.15555261035454643,-0.4228308830416384,0.8927583266249132,0.16291697071240924,0.9023644893408327,0.39899422180095595,-1.324338793196702,-2.5966590698896863,-4.327906028462215
DSC05398,-0.9734956666266177,0.08268843822344789,0.21323416528165495,0.1531272774188666,-0.45687400205936873,0.8762523512964411,0.16987708488634534,0.8856798340407346,0.4321030057799808,-1.3378135320509519,-2.50201853288783,-4.47195275766132
DSC05399,-0.9730362005375899,0.0824376412634569,0.21541724106089732,0.14952085179268332,-0.4856870881168248,0.8612500027958144,0.17562479130965997,0.8702367998076831,0.4602649725298691,-1.3577937276105898,-2.405369617316811,-4.677635765301274
DSC05400,-0.9720280507776857,0.08147485682437967,0.22028008581526295,0.14537681300865052,-0.5279148041299261,0.836762536099645,0.18446422618161123,0.8453802737738257,0.5013034430096314,-1.3724241814548765,-2.297055732858496,-4.842728969299972
DSC05401,-0.9708867578519174,0.07667781265485488,0.2269348286937454,0.1350785500531188,-0.607126011081109,0.7830400960259244,0.1978198391045239,0.7908972877151673,0.579093076751442,-1.4040974513613431,-2.0992648869059227,-5.168761817997787
DSC05402,-0.9693847565406777,0.07078429939725127,0.23512289711002543,0.12270858319746868,-0.6897574956891201,0.7135665356155255,0.21268708798665054,0.7205721199848868,0.6599545609390434,-1.4162571492474056,-1.8397647076142725,-5.295898712840467
DSC05403,-0.9671074742056645,0.06584059324179894,0.2456993073191464,0.10343640385578401,-0.7806606707531197,0.6163358074107592,0.23238770125142924,0.6214772187464779,0.7481724553110862,-1.4283791305426208,-1.5667191628187402,-5.390730109644978
DSC05404,-0.9662635644322746,0.06154620057831427,0.2500935609827039,0.09308586449166295,-0.8219372506957443,0.5619200812843057,0.24014525996253863,0.5662430759957202,0.7884789363099246,-1.4414967973175474,-1.345762937301306,-5.498341266516337
DSC05405,0.011057280139980587,0.797909514316952,0.602675819589928,-0.8842446006868658,-0.27361723833790724,0.3784773349098497,0.4668931598471234,-0.5370977693556572,0.7025217174160142,-1.3796951911786048,-0.32300190782942745,-5.237624953435073
DSC05406,0.004154235886756119,0.79374196881421,0.6082404370535873,-0.9213581408702117,-0.23338449154786137,0.3108550391374304,0.38869257592136264,-0.5616986434449421,0.7303510904871215,-1.3926674432192945,-0.14486299352784338,-5.39130843737853
DSC05407,0.053682742792248515,0.7901706763862251,0.6105312975643732,-0.8929495631403016,-0.2356750763291392,0.3835340090328354,0.4469443374894083,-0.565762813002578,0.6929308757802354,-1.3912653467207354,-0.1296638753397429,-5.401355214384383
DSC05408,0.039096824467856735,0.7850465568812086,0.61820169996975,-0.9696328390288086,-0.11966837511399675,0.21328768711416163,0.24141995732221955,-0.6077675406983619,0.7565282682623319,-1.4336406793191,0.36019182849116826,-5.7832037332765935
DSC05409,0.052531472775996735,0.7886424550062204,0.6126038871324166,-0.8857205908146888,-0.2465417449777153,0.39333980600775964,0.4612369015753873,-0.5632585961573113,0.6855656602252126,-1.3896215591541965,-0.36749741787299206,-5.473904073193133
DSC05410,0.053783453681971176,0.7943127382065402,0.6051236353282422,-0.8750821701593882,-0.25440195340657007,0.411716943508592,0.4809766476443271,-0.5516764631790538,0.6814062990573798,-1.4219722155125072,-0.8020676884638441,-5.696949492722992
DSC05411,0.05606558649744332,0.7993808407311523,0.5982030771256979,-0.7785332744456748,-0.3401101646190085,0.5274571229054802,0.625094065394636,-0.4952931933660984,0.6032761076104536,-1.3871610173263507,-1.1799344232823992,-5.475665481951883
DSC05412,0.05724200359992125,0.7999356990862033,0.5973493369472623,-0.7779402674758319,-0.33926649317426616,0.5288735074182361,0.6257254136308498,-0.49497588217680166,0.6028818978869734,-1.358685246505453,-1.3493855551199279,-5.153040357608437
DSC05413,0.06907453429383184,0.8097291690169636,0.5827241041480846,-0.5957195071181033,-0.4350618591099452,0.6751588313773008,0.800216831584449,-0.3937763979606905,0.4523197661589086,-1.3234798839091373,-1.611130046004666,-4.796196570747149
DSC05414,-0.07021176683737128,0.8631827066365012,0.4999859225630843,0.8129290952015195,0.33999331034326763,-0.4728116274973212,-0.5781146892896025,0.37325616389486516,-0.7255778677316971,-1.1086699561823785,1.8572561047152591,-1.7097013409143575
DSC05415,-0.06417226817126709,0.8658063776750733,0.4962471525106449,0.866932060929203,0.29466489720587924,-0.40199676626521896,-0.494277980220442,0.4044155223675481,-0.7695046221676537,-1.0987019547756305,1.5309155100782357,-1.6126986544148478
DSC05417,-0.0598054610979465,0.8681164353944439,0.4927445194224961,0.8936833119968564,0.2664723468741424,-0.36100225236100175,-0.44469477698888227,0.4187676479259488,-0.7917576727568714,-1.0855339224658886,1.4017041160504344,-1.5100352153915524
DSC05418,-0.06137398556585233,0.8676636007479779,0.4933488723335814,0.8959274583793156,0.26575485537517873,-0.355933064165859,-0.43994002229592866,0.4201597705416021,-0.7936740792042324,-1.0811335056112215,1.23925093660659,-1.487567758089628
DSC05419,-0.058078585673402724,0.8672576244791991,0.4944604035399339,0.9168419961345669,0.24231135529954054,-0.3173105123012514,-0.3950033316443799,0.4349131176172969,-0.809211312398834,-1.063989342872296,1.058143409249759,-1.2850782180743228
DSC05420,-0.0582224416147597,0.8669771900084084,0.49493504553379536,0.9151900081681952,0.24440260572173086,-0.3204600057191647,-0.3987949300599428,0.4343016443919506,-0.8076785780475627,-1.054544722613432,0.8662098805569332,-1.2083493298951926
DSC05421,-0.1167028086419106,0.9316874069984189,0.3440044041806042,0.17282395682292997,0.36013744039571194,-0.9167512770502646,-0.9780144857839047,-0.047535246562817636,-0.20304695499085057,-1.685721525329098,3.2962604788031014,-3.084251103131959
DSC05422,-0.10275387013786233,0.932825112394414,0.3453678500643053,0.16510147612562837,0.358383701291907,-0.9188594153783547,-0.9809093458382534,-0.03739561919078826,-0.19083611532544809,-1.6529792413179163,3.0508859868405884,-2.7581678434831476
DSC05423,-0.10592839287591807,0.9336132596723639,0.3422651851221044,0.1991882894594355,0.3571477894309348,-0.9125620427383668,-0.974219277639767,-0.028491013820851306,-0.22379691956439163,-1.6305767039701917,3.013422518557572,-2.500821101930395
DSC05424,-0.10387895007108419,0.9378802740548472,0.331043434115426,0.30811480474235564,0.34681564249941327,-0.8858804531178568,-0.9456608434479613,0.009975051705333976,-0.32500164232318374,-1.599392427325251,2.824142191771701,-2.136232329684172
DSC05425,-0.1030705491917907,0.940512816365568,0.3237469754938411,0.3704295409902224,0.33836242961623075,-0.865039202224948,-0.9231242695602124,0.03076537788340241,-0.38326893230813236,-1.576713864196224,2.698199256896061,-1.8878819727695226
DSC05426,-0.10485765695692778,0.9430229450358676,0.3157730148593802,0.4611379307832399,0.32743001069033006,-0.824706855126282,-0.8811110489435797,0.05913808616458176,-0.46919719329332654,-1.5438450084181996,2.3532659086371255,-1.5430509123932852
DSC05427,-0.10135744442874417,0.9463169389438078,0.30693797341954265,0.5681622607497371,0.30832462503947866,-0.7629728507974665,-0.8166506682288467,0.09705759456264523,-0.5689125674645371,-1.5236609932820786,2.178046372999528,-1.3283285188011382
DSC05428,-0.0964625883897169,0.950037075079914,0.29685775215540255,0.6882699586791011,0.27911686827981874,-0.6696105120303407,-0.7190128183982708,0.13972590960615922,-0.6808063139863693,-1.488581156849693,1.8850289778766507,-0.9797647547887657
DSC05429,-0.09446232332864762,0.9517838527370435,0.2918636105107729,0.7785704258605117,0.2533342762638542,-0.5741514055066403,-0.6204070933240008,0.17300069982199345,-0.7649613038673037,-1.4653587755693374,1.658194016565966,-0.7817634204897592
DSC05430,-0.09001638184975393,0.9517438811882292,0.29339501635073,0.7804143810276926,0.2504271828544585,-0.5729220016483425,-0.6187490968751738,0.17739732441146205,-0.7652971608517908,-1.4464117585147627,1.355395538926431,-0.6100617424703701
DSC05431,-0.08673861811536443,0.9546536776235863,0.28480303356389813,0.8300844922320856,0.22732962466464948,-0.5091964036652559,-0.5508503861151751,0.1922435890988084,-0.812161470747764,-1.4095000081029927,1.2898773482639847,-0.20494107818095872
DSC05432,-0.09343291863161642,0.9522422640889524,0.290697368750947,0.8257334637677806,0.2372429689205796,-0.5117421425989971,-0.5562684033180757,0.19222498323707807,-0.8084646060833236,-1.390957193092234,0.8606193678927764,-0.08529996408368418
DSC05433,-0.06978274566905185,0.9576501456600963,0.27935025850012235,0.9515826712920135,0.14794060213193283,-0.26945129047305955,-0.29936731301804553,0.24702181433638137,-0.9216069851831192,-1.3880826098056462,0.8960879369823378,-0.027079286631107338
DSC05434,-0.07478378465105617,0.9567279742235165,0.28120983071619426,0.9642163347962575,0.14130365418809113,-0.2243215037065415,-0.2543506344897453,0.2543715012560539,-0.933059962748057,-1.3828257099080974,0.7124982654722333,-0.04847294717512094
DSC05435,-0.07361246023336011,0.9584469173492051,0.27560971013772034,0.9669295945728308,0.13625967572550374,-0.21559327426986657,-0.24418919885534127,0.25062483395503027,-0.9367810991728004,-1.3894241143448223,0.45570244002716875,-0.16583087286309117
DSC05436,-0.05742760732096276,0.9623207053629586,0.2657836148958912,0.9852944813483947,0.0975440141032152,-0.1402852463270097,-0.16092499787723274,0.2538188829507565,-0.9537709996198473,-1.3846066482388681,0.34313636493130945,-0.1296584088551794
DSC05437,-0.05037974113488808,0.9647846818073065,0.2581712598899352,0.9868690383998857,0.0878103858919042,-0.13556857001974962,-0.15346459764670983,0.24795131352644473,-0.956539995708305,-1.3869785721355097,0.16596774566107914,-0.1780378753523035
DSC05438,-0.029117018538082025,0.9669829436105255,0.2531722457098659,0.9995116328806692,0.03104030826695485,-0.003604857682500421,-0.011344380444592758,0.252943642001565,-0.9674145021671487,-1.3991914218614614,-0.2534664012410842,-0.3876320811211628
DSC05439,-0.02453912332524056,0.9673850196603946,0.2521191289114869,0.9857745617252884,-0.018530399383407167,0.1670483096412745,0.16627190045748658,0.2526318428768424,-0.9531688240195995,-1.393948651551339,-0.7599135120363699,-0.4077059335677157
DSC05440,0.0005845753622358285,0.9688484262534688,0.2476537607584886,0.9344276509793089,-0.0887317703808324,0.34492265511325026,0.3561525282192123,0.23121288863569067,-0.9053706295058414,-1.3947899661218146,-1.228868171479767,-0.45246386218034096
DSC05441,0.007360040737758977,0.9679214918011119,0.2511450089288036,0.9043217043586389,-0.11363419253397154,0.41144808337509464,0.42678810295769154,0.2240876078605479,-0.8761487654371901,-1.407605520761448,-1.3869666316236338,-0.6205335157041143
DSC05442,0.01605628490947497,0.9652052789366932,0.26099993338628746,0.8356428503072412,-0.15628975951882604,0.5265686449077057,0.5490384526108308,0.20964799207788298,-0.8090763233295215,-1.4076675063434316,-1.6269786785498657,-0.6928673501615331
DSC05443,0.026003558653501242,0.9641333813120935,0.2641413219794723,0.788166665039265,-0.18230706500929347,0.5878413409829055,0.6149122889146365,0.1929014180544218,-0.7646384242596995,-1.412537039212131,-1.7939544288252938,-0.7864467099081086
DSC05444,0.03374066846048018,0.9618273753504569,0.2715688997626407,0.6921134408463256,-0.21851080114039478,0.6879186105818352,0.7209996895226098,0.1647456518741363,-0.6730663547503071,-1.423201079447412,-1.9691816184295454,-0.9566247450290166
DSC05445,0.03910468999831296,0.961255295207019,0.2728719125461667,0.6328436113946151,-0.23515746753911787,0.7377058553228448,0.7732915276512199,0.14383748780153152,-0.6175200323599122,-1.4324001526638432,-2.147131930677355,-1.1016552289941597
DSC05447,0.021531741809438513,0.9441131989674545,0.3289173933225355,0.5779807811931313,-0.2801990439507284,0.7664376767490462,0.815766265952466,0.1736051937717811,-0.5517124577435542,-1.473893280655646,-2.11608194999349,-1.5300980066116376
DSC05448,0.033523560693398124,0.9375909071261416,0.3461205884555485,0.48722765039510196,-0.31770694793754695,0.8134319344128783,0.8726313010481027,0.14137038624332868,-0.4674708828627807,-1.4843705628267436,-2.2029085871347736,-1.7309393049778508
DSC05449,0.03523232861719028,0.9328807261809576,0.35845813387381675,0.3996050123436182,-0.34190973396108987,0.8505372231316592,0.9160101075479828,0.11327526006478969,-0.3848300902049986,-1.4969770757509286,-2.2994855551683413,-1.9307257795618804
DSC05450,0.04362670838057465,0.9307732110460867,0.362984765403224,0.2635718988660543,-0.36118144049167444,0.8944706932999549,0.9636527198342871,0.056649771785209496,-0.26108282002587746,-1.5051208495054087,-2.61238099126251,-2.072270080372843
DSC05451,0.037566095409633744,0.9284417337612794,0.36957372131419747,0.1907877601303851,-0.3696953868327064,0.9093543597185019,0.9809122382048789,0.036349249854235044,-0.19102333097014482,-1.5338775584710735,-2.6949558733474492,-2.471658624863957
DSC05452,0.06824902815574775,0.931554910520754,0.3571379549144367,0.0845509885783932,-0.36208549431607945,0.9283023349837577,0.9940790715462289,-0.03315936505047186,-0.10347587169595243,-1.559867565942721,-2.854293537530336,-2.603042338411007
DSC05453,0.07250855116675181,0.9344387065114867,0.3486643282310913,0.08846421107824204,-0.35423220700803865,0.9309638160941156,0.9934367586142576,-0.03665852276556599,-0.10834924707926542,-1.5898082241256701,-2.8327577685079444,-2.883806715762315
DSC05454,0.06321010762809175,0.9265904667225817,0.3707217140558037,-0.08318378543614288,-0.3652803575068362,0.9271735103313684,0.994527495916608,-0.08944477289649869,0.053987891858591895,-1.61738765378822,-2.846678661908385,-3.291935974562435
DSC05455,0.06774017903880591,0.9218233827055753,0.3816450173145736,-0.24485318745528462,-0.3554649807295205,0.9020485375343997,0.9671908729598195,-0.15455192840017365,0.2016321320896295,-1.679611486356221,-2.7062768754480304,-3.9861790117748193
DSC05456,0.061692250816929806,0.920426664175574,0.3860166085335789,-0.30740955631149264,-0.35042989046040735,0.8847023547839568,0.9495753950463925,-0.17324447392783457,0.2613291437554478,-1.7197655937574614,-2.4214361518783662,-4.399876984389101
DSC05457,0.05500711870766284,0.9136506082731859,0.40276144663251867,-0.4821883534780491,-0.3289117594142914,0.8119799543640984,0.8743389552465389,-0.23887155653411923,0.4224591942630174,-1.7524037301033941,-2.2457832682542542,-4.77443598047773
DSC05458,0.050043855984316786,0.909494986959259,0.4126917507949469,-0.6220707822063501,-0.29488603768223415,0.7253069465441866,0.7813600670647308,-0.29302063660440286,0.5510130235489448,-1.7953395696484382,-1.9382339908412376,-5.2208174677065164
DSC05459,0.04252977728917221,0.9050367128518408,0.42320180343905467,-0.7326919437778695,-0.2597191896471245,0.6290536209672816,0.6792302507741693,-0.3368300623747466,0.6520673090363323,-1.8085433714253685,-1.436728663095052,-5.296709799269018
DSC05460,0.03306088860904106,0.901310483341307,0.4319101645752744,-0.820145160318168,-0.2225113008632159,0.527115392485219,0.5711995217531852,-0.3716559344436991,0.7318490095243096,-1.8282084539257473,-1.204514796781138,-5.513907649588156
DSC05461,0.028352315334296163,0.8944128913840215,0.44634261049249985,-0.858181722676347,-0.20718265918982548,0.4696801854403591,0.5125624616370598,-0.39635959110018676,0.7616946878267241,-1.8348836864905511,-0.9467062316190233,-5.669307809366921
DSC05462,0.03418481003987143,0.7687914487869237,0.6385852386601499,-0.8464639149279981,-0.3174357608513604,0.4274732488208881,0.5313475693811959,-0.5551524529395694,0.6399027383187812,-2.1290043187502867,-0.7674563382612071,-5.070560397131086
DSC05463,0.11804974465215877,0.7904386137282423,0.6010582797990018,-0.8137559891092823,-0.2698859365957728,0.5147453461825526,0.5690917746517987,-0.5498803316678974,0.6113641900442558,-1.662688607936255,-0.6342507310793261,-5.132159197074004
DSC05464,0.08344532331664227,0.7743744193399917,0.6272010337112269,-0.7127014910966082,-0.39352392529448454,0.5806853750607918,0.6964865128667262,-0.4954625908105188,0.5190600721516501,-1.6137078097608732,-0.7157324707794026,-4.89322025260186
DSC05465,0.08280384779802347,0.7799556498256197,0.6203327390158746,-0.6538615298064457,-0.427234136776154,0.6244486305632428,0.7520695597011067,-0.4573184630847851,0.47460636394042777,-1.588183240712935,-1.0410207052985896,-4.736736672934514
DSC05466,0.08234084757042338,0.7767411714352344,0.6244142354389467,-0.6509787038518011,-0.4324908607355348,0.6238416325572264,0.7546169306030797,-0.4578480184271374,0.4700302969698128,-1.5831798125553214,-1.019337683270582,-4.724919549994368
DSC05469,0.06582012248584848,0.7964585314249385,0.6011002571920749,-0.7309594469229396,-0.37158161852113525,0.5723856983986619,0.6792392792161378,-0.4770544083201034,0.5577213399828786,-1.6970186932178972,-1.1929340462327485,-4.5775881329534025
DSC05472,0.06570778185321069,0.7969744207366471,0.6004283971427541,-0.7279754977924024,-0.3732499820248872,0.5750966227794468,0.6824471862480164,-0.4748854847328007,0.5556524222679661,-1.6972786146999603,-1.1932555609739783,-4.580688995357569
DSC05473,0.0751741158152279,0.8036435151528751,0.5903439276084147,-0.6211094762740479,-0.42541417234123025,0.6582140992517588,0.7801101658060717,-0.4161488706267947,0.4671704685466179,-1.6947570734632913,-1.290958314430711,-4.55788370656538
DSC05474,0.06066212784111104,0.7987858759495156,0.5985492716805809,-0.7348480067920048,-0.3700821548509548,0.5683639727979702,0.6755135181175921,-0.4743209072394334,0.5645362378058245,-1.7438318261292507,-0.9674564808706,-5.0916503069689405
DSC05475,0.04964261416252437,0.7902966503957882,0.6107100909861475,-0.8735274304446334,-0.26210375683780995,0.41018465221446593,0.48423696587508386,-0.5538346549510096,0.6773342866379858,-1.7581486947937326,-0.5946489542639362,-5.216581992322664
DSC05476,-0.07208744397388996,0.8536363696123226,0.5158569073846014,0.6691717448758436,0.4249158895343372,-0.6096356802886967,-0.7396029855815416,0.3012497888735145,-0.6018604393233805,-1.5174406684038468,1.9543903324147562,-1.8965709673982918
DSC05477,-0.06259923687295157,0.8625421173562324,0.502098029601344,0.8445377223128279,0.31385834697322534,-0.43387668020521153,-0.5318245680048875,0.39688037721946146,-0.7480966481976461,-1.468076520454039,1.4990548175452085,-1.43104175165332
DSC05478,-0.045907211136398084,0.8695222866104464,0.49175555009925276,0.9321503141711808,0.21427427113355532,-0.29186011807157336,-0.35914943930938753,0.4449916064578345,-0.8203622068487971,-1.4480465661783357,1.0361802691496544,-1.282654551884453
DSC05480,0.09922261080987622,0.8147161864149806,0.5713076308763102,-0.5414439599057348,-0.437500460503569,0.7179357807915429,0.834861253014936,-0.38056652854999695,0.3977132202501388,-2.425101821641088,-1.4061223070613225,-4.779262824502603
DSC05481,0.09720385680793409,0.8125368930259299,0.5747479514477902,-0.5709504568645853,-0.42748462916710633,0.7009083161384112,0.8152097803803535,-0.39628359705850835,0.4223651556113332,-2.4035283923853017,-1.563209796955695,-4.554997541633791
DSC05482,0.10141385887574386,0.8177050624713005,0.5666336206374776,-0.45747938322643794,-0.46744483530391634,0.756444274134224,0.8834182719135306,-0.33593713214900955,0.32667782308079985,-2.375856626741773,-1.6842948428527431,-4.26104202751196
DSC05483,0.1028143993328634,0.8179771075934932,0.5659882072471172,-0.43113804394668337,-0.47613140780431223,0.7664325603496444,0.8964090507974862,-0.3228193518909094,0.3037078854641135,-2.3459518127092247,-1.9126548315678487,-3.9478735089558405
DSC05484,0.10509593806881282,0.8222883027779734,0.5592823892417456,-0.3446509744870529,-0.497424699247298,0.7961057557660669,0.9328293250035407,-0.276424701669831,0.23112514947574198,-2.3364160961308915,-2.04410787959159,-3.8581891201231304
DSC05485,0.10479594509207502,0.8262200080658082,0.553514505829788,-0.26343993451328074,-0.5136330003897096,0.8165663119516402,0.9589667412355327,-0.23139066355927274,0.163832689112101,-2.3161177837227247,-2.122861179327687,-3.631087745010489
DSC05486,0.10609958095901395,0.8284178279339236,0.5499698003359474,-0.2163818564523153,-0.520601931558566,0.8259252514941893,0.970526543232369,-0.20663380947640303,0.12401894074171993,-2.295054401096543,-2.1314367991277994,-3.395974118052669
DSC05487,0.10608637255117155,0.8303688386423591,0.5470221872745878,-0.17438002531461821,-0.5260649694144076,0.8323744678486309,0.9789470304006277,-0.18369333076287342,0.08899141477150707,-2.2784165880848173,-2.1627839158723585,-3.207112548378537
DSC05488,0.10519998148332793,0.8358581329033318,0.5387709583443265,-0.045609288958673055,-0.5371517134653812,0.8422516426115708,0.9934046288681122,-0.11317781752870737,-0.018385455198251043,-2.247067585663604,-2.243443783017235,-2.857421737112293
DSC05489,0.10475224894687665,0.8386604524089123,0.534486306565332,0.014399951590403574,-0.5386658820278376,0.842396408428577,0.994394090758169,-0.08054634134739062,-0.06850313248884315,-2.2287294334361327,-2.238970977654254,-2.639738271286955
DSC05490,0.10275901538281745,0.8429375567202658,0.5281068644015362,0.10966504635669727,-0.537281437956054,0.8362429276445082,0.9886425857533842,-0.028016636099710113,-0.14765129778135755,-2.211302653203185,-2.2470645097567594,-2.4382315386944273
DSC05491,0.10185602467444554,0.844554254815651,0.5256933145002882,0.14746528840882403,-0.5354218090170547,0.8316113726635821,0.983808588574028,-0.007183112256195768,-0.1790783737537669,-2.1942379167734134,-2.252646864219075,-2.244077051008771
DSC05492,0.1008380053273722,0.846699470763401,0.5224286581826976,0.18857031237346794,-0.5318524045605787,0.8255751068524917,0.9768689441132672,0.015265188243425425,-0.21329331929276,-2.180372648835396,-2.266354161104636,-2.083256444066326
DSC05493,0.0968851327222473,0.8512778527675073,0.515693017642216,0.30640729109821097,-0.5184772949827153,0.7983081275730961,0.9469571495158843,0.0806679116808452,-0.3110704823762657,-2.15940533022861,-2.235938921568654,-1.8411310844813946
DSC05494,0.0925848802875442,0.8546764054290928,0.5108388023094429,0.396311323242178,-0.5022842864103109,0.7685361609549151,0.9134360267759178,0.131296373248045,-0.3852218677070853,-2.1363229640855144,-2.175526509693452,-1.5753840741558078
DSC05495,0.08929932988422123,0.857729329801589,0.5062865063186512,0.47158863012133356,-0.48413967216288084,0.7370298106442528,0.877285468717289,0.17294269176850255,-0.4477287479505326,-2.1269762797408065,-2.1557445715689387,-1.4677823357624509
DSC05496,0.08319012677965376,0.8620788875971566,0.4998993842421037,0.5607857944474605,-0.4551702437047921,0.6916208079516194,0.8237710213113326,0.22280045063906276,-0.5213072641376818,-2.1125104433554047,-2.061901084571885,-1.275949343419275
DSC05497,0.07762089965874047,0.8647364940393258,0.49619128550665065,0.6433782075852017,-0.4236378956772874,0.6376483477204132,0.7616032286831647,0.26974382147269826,-0.5892357701605399,-2.0974935715924707,-1.8954139895595126,-1.0870066454939804
DSC05498,0.06790940558729198,0.8679841962251087,0.4919265674226515,0.7542278200046018,-0.367425008670206,0.5441867864389996,0.6530916537239525,0.3340693013540021,-0.6796094420540095,-2.0806659707933397,-1.7062482569144914,-0.8747418695702235
DSC05499,0.058935944125729944,0.8715168199072505,0.48681103840069406,0.838105948502691,-0.30812310877978577,0.4501539391366969,0.5423144600454735,0.3814689796754561,-0.7485829573073067,-2.060062232813617,-1.4824877438727022,-0.6131835598706558
DSC05500,0.04673671130590473,0.8745528826568703,0.4826726999249777,0.923128081232446,-0.2224254597812219,0.31362630706178735,0.38164148812257176,0.430910861173945,-0.817719759004219,-2.043085596919074,-1.213902452508096,-0.37850590572560194
DSC05501,0.04191137042581705,0.8754130747692132,0.48155517394390235,0.9421160326153839,-0.19510152051467589,0.27267705767429407,0.33265720812584054,0.44225258079063096,-0.8329176649981365,-2.036899205544451,-1.037803070984321,-0.2854235051271787
DSC05502,0.022358445140205085,0.8765405307174449,0.48080848364030876,0.9894587152409366,-0.08822911403146891,0.11483498713796905,0.14307882710124487,0.4731726127395819,-0.8692733331861329,-2.022516860485804,-0.707859990178687,-0.08101356451036479
DSC05503,0.017472946018255553,0.8765093150472155,0.48106768421179996,0.994951833262918,-0.06279653984627155,0.07827799224618844,0.09882077536733776,0.4772714271971419,-0.873181790429119,-2.0183288169219478,-0.5615987838915822,-0.019422236412171858
DSC05504,0.011835195884443813,0.8767222559616223,0.48085134297404303,0.9992320609826343,-0.028333226095743787,0.027065043938720335,0.03735259619858077,0.4801617583695842,-0.8763843160147575,-2.0195573840147327,-0.42292085273074886,-0.002238884859533498
DSC05505,0.008682748112093686,0.8769765093682697,0.48045479693876225,0.9999243917364912,-0.011798443882624302,0.0034651886466374746,0.008707508003450317,0.48038838322569183,-0.8770126456136058,-2.035169604708668,-0.1606782792250831,-0.1357680074139264
DSC05506,0.001731495614897272,0.8761854014535718,0.4819711030783679,0.9982229191189596,0.027194341660990724,-0.05302331116828367,-0.05956513803021799,0.48120641107664863,-0.874581262245066,-2.0404832911742083,-0.01175212978987746,-0.17896910836966326
DSC05507,-0.004224018773552274,0.8747041761551964,0.4846387952713446,0.992128806042532,0.06431950794799081,-0.10744037005682962,-0.12515026922072847,0.4803702791742927,-0.8680908967383494,-2.0458614591763897,0.14171881422589191,-0.22483665828372912
DSC05508,-0.011549025958649263,0.871888316831986,0.4895685682019351,0.9770899367382684,0.1138937606989168,-0.17978728208264586,-0.21251323611533818,0.476276153345666,-0.8532286623350404,-2.054571756980215,0.30194352168765703,-0.3168212258715492
DSC05509,-0.008721012160107957,0.870383992963411,0.4922963017736091,0.9816295946319549,0.10128917418864021,-0.16169057528157704,-0.1905971744009005,0.481842513675633,-0.8552780303066018,-2.0643764759095675,0.5093574737547844,-0.4134294351281613
DSC05510,-0.03218454448234248,0.8685127492858664,0.49462082388873385,0.9144078538262141,0.22537935777812396,-0.3362475605093033,-0.40351261685033013,0.4414631914615601,-0.8014286110610056,-2.0945494662033464,0.8849254806466544,-0.6491173875506432
DSC05511,-0.0394322447964458,0.865463641706989,0.4994174435816095,0.8504188285692751,0.2914832207808161,-0.43797870726566596,-0.5246264519495516,0.4074435137372038,-0.7475004140656419,-2.1031615819428886,1.0402153507620173,-0.7186744123281126
DSC05512,-0.05199392078351285,0.8596758612385469,0.5081870185328626,0.7525453668184952,0.3682497058257057,-0.5459556987881877,-0.6564846556329971,0.3540474089201104,-0.6660918323740216,-2.095092092443979,1.3831653902025354,-0.5634128837828536
DSC05513,-0.05280811985076761,0.8580683268186787,0.5108131253094619,0.7132703725843808,0.39041478846822153,-0.582083901631589,-0.6988967578055902,0.33360911176990804,-0.6326517861137569,-2.10570639057686,1.4871743815295746,-0.6662845135808206
DSC05514,-0.05485603980971575,0.8587299927070761,0.5094836744408009,0.6998902576204727,0.39698809375819066,-0.5937626467724174,-0.7121407460497843,0.3240111927689275,-0.6227939504973645,-2.1243579699884294,1.6499780605705217,-0.8416819140497812
DSC05515,-0.05709952954160212,0.8556621747345603,0.5143752389595077,0.6483437344022228,0.4235732306094683,-0.6326421740387199,-0.7592035601783671,0.2973683928052557,-0.5789490419483494,-2.1426255726935017,1.7881368414466088,-1.0430558469541216
DSC05516,-0.06023842763439874,0.8516553531291026,0.5206289382301745,0.5685712856500228,0.4579681387457728,-0.6833680392204577,-0.8204255145779022,0.25484964857789444,-0.5118140596440355,-2.151908887123411,1.8790061411977175,-1.1394998351830368
DSC05517,-0.061411835455997266,0.8505770640121305,0.5222520891700002,0.5244296966708957,0.4726919296981322,-0.7081919463308861,-0.8492361742858097,0.23039313742983009,-0.4750967506831021,-2.1690268790919975,2.017386576944006,-1.3014892385725787
DSC05518,-0.0636815509892451,0.8478995249796076,0.5263183975531921,0.4664595584773239,0.4915229744045266,-0.7354050896870835,-0.8822472104624328,0.1986745106244962,-0.42681178341204784,-2.1873185274727636,1.9915886367215612,-1.5163912118939618
DSC05519,-0.06289247530850925,0.8491265087336103,0.5244317960568738,0.4876164704370169,0.4846272436178141,-0.7262001187702642,-0.8707897072819099,0.21004905833940304,-0.4445274780962543,-2.204737038569616,2.0109195988422432,-1.720105165036733
DSC05520,-0.06287532838945897,0.848786091890952,0.5249846314821056,0.4625973857626797,0.4908912700507808,-0.7382610782598973,-0.8843361079168104,0.1964381103564585,-0.42351117698843743,-2.225351727658965,2.2157661732351426,-1.9195211214061318
DSC05521,-0.06340560211422812,0.8470213514909469,0.5277637347705717,0.42634234158410056,0.5011324956047026,-0.7530593798775691,-0.9023369311920677,0.17725984307635165,-0.3928956739892014,-2.240862374555875,2.35672098855473,-2.084894836001238
DSC05522,-0.06420828254611678,0.845481947749704,0.530129769473329,0.38355015994887104,0.5113305846770709,-0.7690450623838636,-0.9212852822311195,0.15395229521891443,-0.3571163949486982,-2.2592538199989285,2.4313836334172607,-2.2828502725309363
DSC05523,-0.06849770045687133,0.837635996466225,0.5419169700758186,0.21728838183097565,0.5426785285376069,-0.8113481212066332,-0.9737010958982213,0.06217678094186253,-0.2191808015276676,-2.2793840896685156,2.4727635426319665,-2.5122903724721652
DSC05524,-0.06909105764435508,0.8363610723849343,0.5438074864809304,0.19028226813464877,0.5461506249139416,-0.8157892824373489,-0.9792951976738772,0.047113177617667805,-0.19687880614136205,-2.2935423924739937,2.4948263673400755,-2.6736641463671837
DSC05525,-0.07065448274203012,0.8358589932372597,0.5443782577333991,0.18657230796979474,0.5471847971554995,-0.8159531675658347,-0.9798972997040457,0.043915158957811055,-0.19460920031290901,-2.318480870428535,2.5429909832334165,-2.9552908153331003
